Company,Product,TypeName,Inches,Ram,OS,Weight,Price_euros,Screen,ScreenW,ScreenH,Touchscreen,IPSpanel,RetinaDisplay,CPU_company,CPU_freq,CPU_model,PrimaryStorage,SecondaryStorage,PrimaryStorageType,SecondaryStorageType,GPU_company,GPU_model,Price_Category,Price_per_kg,Warranty_Price_EUR,Slogan,Total_Cost_EUR
apple,MacBook Pro,Ultrabook,13.3,8,macos,1.37,1339.69,Standard,2560,1600,No,Yes,Yes,Intel,2.3,Core i5,128,0,SSD,No,Intel,Iris Plus Graphics 640,Premium,977.8759124087592,,,1339.69
apple,Macbook Air,Ultrabook,13.3,8,macos,1.34,898.94,Standard,1440,900,No,No,No,Intel,1.8,Core i5,128,0,Flash Storage,No,Intel,HD Graphics 6000,Mid-Range,670.8507462686567,,,898.94
hp,250 G6,Notebook,15.6,8,no os,1.86,575.0,Full HD,1920,1080,No,No,No,Intel,2.5,Core i5 7200U,256,0,SSD,No,Intel,HD Graphics 620,Mid-Range,309.13978494623655,150.0,Innovation at its Best,725.0
apple,MacBook Pro,Ultrabook,15.4,16,macos,1.83,2537.45,Standard,2880,1800,No,Yes,Yes,Intel,2.7,Core i7,512,0,SSD,No,AMD,Radeon Pro 455,Ultra-Premium,1386.5846994535518,,,2537.45
apple,MacBook Pro,Ultrabook,13.3,8,macos,1.37,1803.6,Standard,2560,1600,No,Yes,Yes,Intel,3.1,Core i5,256,0,SSD,No,Intel,Iris Plus Graphics 650,Ultra-Premium,1316.4963503649633,,,1803.6
acer,Aspire 3,Notebook,15.6,4,windows 10,2.1,400.0,Standard,1366,768,No,No,No,AMD,3.0,A9-Series 9420,500,0,HDD,No,AMD,Radeon R5,Budget,190.47619047619048,55.0,Explore Beyond Limits,455.0
apple,MacBook Pro,Ultrabook,15.4,16,mac os x,2.04,2139.97,Standard,2880,1800,No,Yes,Yes,Intel,2.2,Core i7,256,0,Flash Storage,No,Intel,Iris Pro Graphics,Ultra-Premium,1049.0049019607843,,,2139.97
apple,Macbook Air,Ultrabook,13.3,8,macos,1.34,1158.7,Standard,1440,900,No,No,No,Intel,1.8,Core i5,256,0,Flash Storage,No,Intel,HD Graphics 6000,Premium,864.7014925373135,,,1158.7
asus,ZenBook UX430UN,Ultrabook,14.0,16,windows 10,1.3,1495.0,Full HD,1920,1080,No,No,No,Intel,1.8,Core i7 8550U,512,0,SSD,No,Nvidia,GeForce MX150,Premium,1150.0,45.0,Inspiring Innovation,1540.0
acer,Swift 3,Ultrabook,14.0,8,windows 10,1.6,770.0,Full HD,1920,1080,No,Yes,No,Intel,1.6,Core i5 8250U,256,0,SSD,No,Intel,UHD Graphics 620,Mid-Range,481.25,55.0,Explore Beyond Limits,825.0
hp,250 G6,Notebook,15.6,4,no os,1.86,393.9,Standard,1366,768,No,No,No,Intel,2.5,Core i5 7200U,500,0,HDD,No,Intel,HD Graphics 620,Budget,211.77419354838707,150.0,Innovation at its Best,543.9
hp,250 G6,Notebook,15.6,4,no os,1.86,344.99,Full HD,1920,1080,No,No,No,Intel,2.0,Core i3 6006U,500,0,HDD,No,Intel,HD Graphics 520,Budget,185.4784946236559,150.0,Innovation at its Best,494.99
apple,MacBook Pro,Ultrabook,15.4,16,macos,1.83,2439.97,Standard,2880,1800,No,Yes,Yes,Intel,2.8,Core i7,256,0,SSD,No,AMD,Radeon Pro 555,Ultra-Premium,1333.3169398907105,,,2439.97
dell,Inspiron 3567,Notebook,15.6,4,windows 10,2.2,498.9,Full HD,1920,1080,No,No,No,Intel,2.0,Core i3 6006U,256,0,SSD,No,AMD,Radeon R5 M430,Budget,226.77272727272725,50.0,Powerful and Reliable,548.9
apple,"MacBook 12""",Ultrabook,12.0,8,macos,0.92,1262.4,Standard,2304,1440,No,Yes,Yes,Intel,1.2,Core M m3,256,0,SSD,No,Intel,HD Graphics 615,Premium,1372.1739130434785,,,1262.4
apple,MacBook Pro,Ultrabook,13.3,8,macos,1.37,1518.55,Standard,2560,1600,No,Yes,Yes,Intel,2.3,Core i5,256,0,SSD,No,Intel,Iris Plus Graphics 640,Ultra-Premium,1108.4306569343064,,,1518.55
dell,Inspiron 3567,Notebook,15.6,8,windows 10,2.2,745.0,Full HD,1920,1080,No,No,No,Intel,2.7,Core i7 7500U,256,0,SSD,No,AMD,Radeon R5 M430,Mid-Range,338.6363636363636,50.0,Powerful and Reliable,795.0
apple,MacBook Pro,Ultrabook,15.4,16,macos,1.83,2858.0,Standard,2880,1800,No,Yes,Yes,Intel,2.9,Core i7,512,0,SSD,No,AMD,Radeon Pro 560,Ultra-Premium,1561.7486338797814,,,2858.0
lenovo,IdeaPad 320-15IKB,Notebook,15.6,8,no os,2.2,499.0,Full HD,1920,1080,No,No,No,Intel,2.4,Core i3 7100U,1024,0,HDD,No,Nvidia,GeForce 940MX,Budget,226.8181818181818,60.0,Think Different,559.0
dell,XPS 13,Ultrabook,13.3,8,windows 10,1.22,979.0,Full HD,1920,1080,Yes,Yes,No,Intel,1.6,Core i5 8250U,128,0,SSD,No,Intel,UHD Graphics 620,Mid-Range,802.4590163934427,50.0,Powerful and Reliable,1029.0
asus,Vivobook E200HA,Netbook,11.6,2,windows 10,0.98,191.9,Standard,1366,768,No,No,No,Intel,1.44,Atom x5-Z8350,32,0,Flash Storage,No,Intel,HD Graphics 400,Budget,195.81632653061223,45.0,Inspiring Innovation,236.9
lenovo,Legion Y520-15IKBN,Gaming,15.6,8,windows 10,2.5,999.0,Full HD,1920,1080,No,Yes,No,Intel,2.5,Core i5 7300HQ,128,1024,SSD,HDD,Nvidia,GeForce GTX 1050,Mid-Range,399.6,60.0,Think Different,1059.0
hp,255 G6,Notebook,15.6,4,no os,1.86,258.0,Standard,1366,768,No,No,No,AMD,1.5,E-Series E2-9000e,500,0,HDD,No,AMD,Radeon R2,Budget,138.70967741935482,150.0,Innovation at its Best,408.0
dell,Inspiron 5379,2 in 1 Convertible,13.3,8,windows 10,1.62,819.0,Full HD,1920,1080,Yes,No,No,Intel,1.6,Core i5 8250U,256,0,SSD,No,Intel,UHD Graphics 620,Mid-Range,505.55555555555554,50.0,Powerful and Reliable,869.0
hp,15-BS101nv (i7-8550U/8GB/256GB/FHD/W10),Ultrabook,15.6,8,windows 10,1.91,659.0,Full HD,1920,1080,No,No,No,Intel,1.8,Core i7 8550U,256,0,SSD,No,Intel,HD Graphics 620,Mid-Range,345.0261780104712,150.0,Innovation at its Best,809.0
dell,Inspiron 3567,Notebook,15.6,4,windows 10,2.3,418.64,Standard,1366,768,No,No,No,Intel,2.0,Core i3 6006U,1024,0,HDD,No,Intel,HD Graphics 520,Budget,182.01739130434785,50.0,Powerful and Reliable,468.64
apple,MacBook Air,Ultrabook,13.3,8,mac os x,1.35,1099.0,Standard,1440,900,No,No,No,Intel,1.6,Core i5,128,0,Flash Storage,No,Intel,HD Graphics 6000,Premium,814.074074074074,,,1099.0
dell,Inspiron 5570,Notebook,15.6,8,windows 10,2.2,800.0,Full HD,1920,1080,No,No,No,Intel,1.6,Core i5 8250U,256,0,SSD,No,AMD,Radeon 530,Mid-Range,363.6363636363636,50.0,Powerful and Reliable,850.0
dell,Latitude 5590,Ultrabook,15.6,8,windows 10,1.88,1298.0,Full HD,1920,1080,No,No,No,Intel,1.9,Core i7 8650U,256,256,SSD,SSD,Intel,UHD Graphics 620,Premium,690.4255319148937,50.0,Powerful and Reliable,1348.0
hp,ProBook 470,Notebook,17.3,8,windows 10,2.5,896.0,Full HD,1920,1080,No,No,No,Intel,1.6,Core i5 8250U,1024,0,HDD,No,Nvidia,GeForce 930MX,Mid-Range,358.4,150.0,Innovation at its Best,1046.0
chuwi,"LapBook 15.6""",Notebook,15.6,4,windows 10,1.89,244.99,Full HD,1920,1080,No,No,No,Intel,1.44,Atom x5-Z8300,64,0,Flash Storage,No,Intel,HD Graphics,Budget,129.62433862433863,,,244.99
asus,E402WA-GA010T (E2-6110/2GB/32GB/W10),Notebook,14.0,2,windows 10,1.65,199.0,Standard,1366,768,No,No,No,AMD,1.5,E-Series E2-6110,32,0,Flash Storage,No,AMD,Radeon R2,Budget,120.6060606060606,45.0,Inspiring Innovation,244.0
hp,17-ak001nv (A6-9220/4GB/500GB/Radeon,Notebook,17.3,4,windows 10,2.71,439.0,Full HD,1920,1080,No,No,No,AMD,2.5,A6-Series 9220,500,0,HDD,No,AMD,Radeon 530,Budget,161.99261992619927,150.0,Innovation at its Best,589.0
dell,XPS 13,Ultrabook,13.3,16,windows 10,1.2,1869.0,Quad HD+,3200,1800,Yes,No,No,Intel,1.8,Core i7 8550U,512,0,SSD,No,Intel,UHD Graphics 620,Ultra-Premium,1557.5,50.0,Powerful and Reliable,1919.0
apple,MacBook Air,Ultrabook,13.3,8,mac os x,1.35,998.0,Standard,1440,900,No,No,No,Intel,1.6,Core i5,256,0,Flash Storage,No,Intel,HD Graphics 6000,Mid-Range,739.2592592592592,,,998.0
lenovo,IdeaPad 120S-14IAP,Notebook,14.0,4,windows 10,1.44,249.0,Standard,1366,768,No,No,No,Intel,1.1,Celeron Dual Core N3350,64,0,Flash Storage,No,Intel,HD Graphics 500,Budget,172.91666666666669,60.0,Think Different,309.0
acer,Aspire 3,Notebook,15.6,4,linux,2.1,367.0,Standard,1366,768,No,No,No,Intel,2.7,Core i3 7130U,1024,0,HDD,No,Intel,HD Graphics 620,Budget,174.76190476190476,55.0,Explore Beyond Limits,422.0
dell,Inspiron 5770,Notebook,17.3,8,windows 10,2.8,979.0,Full HD,1920,1080,No,Yes,No,Intel,1.6,Core i5 8250U,128,1024,SSD,HDD,AMD,Radeon 530,Mid-Range,349.6428571428572,50.0,Powerful and Reliable,1029.0
hp,250 G6,Notebook,15.6,4,windows 10,1.86,488.69,Standard,1366,768,No,No,No,Intel,2.5,Core i5 7200U,1024,0,HDD,No,Intel,HD Graphics 620,Budget,262.73655913978496,150.0,Innovation at its Best,638.69
hp,ProBook 450,Notebook,15.6,8,windows 10,2.1,879.0,Full HD,1920,1080,No,No,No,Intel,1.6,Core i5 8250U,256,0,SSD,No,Nvidia,GeForce 930MX ,Mid-Range,418.57142857142856,150.0,Innovation at its Best,1029.0
asus,X540UA-DM186 (i3-6006U/4GB/1TB/FHD/Linux),Notebook,15.6,4,linux,2.0,389.0,Full HD,1920,1080,No,No,No,Intel,2.0,Core i3 6006U,1024,0,HDD,No,Intel,HD Graphics 620,Budget,194.5,45.0,Inspiring Innovation,434.0
dell,Inspiron 7577,Gaming,15.6,16,windows 10,2.65,1499.0,Full HD,1920,1080,No,Yes,No,Intel,2.8,Core i7 7700HQ,256,1024,SSD,HDD,Nvidia,GeForce GTX 1060,Premium,565.6603773584906,50.0,Powerful and Reliable,1549.0
asus,X542UQ-GO005 (i5-7200U/8GB/1TB/GeForce,Notebook,15.6,8,linux,2.3,522.99,Standard,1366,768,No,No,No,Intel,2.5,Core i5 7200U,1024,0,HDD,No,Nvidia,GeForce 940MX,Mid-Range,227.3869565217392,45.0,Inspiring Innovation,567.99
acer,Aspire A515-51G,Notebook,15.6,4,windows 10,2.2,682.0,Full HD,1920,1080,No,Yes,No,Intel,1.6,Core i5 8250U,256,0,SSD,No,Intel,UHD Graphics 620,Mid-Range,310.0,55.0,Explore Beyond Limits,737.0
dell,Inspiron 7773,2 in 1 Convertible,17.3,12,windows 10,2.77,999.0,Full HD,1920,1080,Yes,No,No,Intel,1.6,Core i5 8250U,1024,0,HDD,No,Nvidia,GeForce 150MX,Mid-Range,360.6498194945849,50.0,Powerful and Reliable,1049.0
apple,MacBook Pro,Ultrabook,13.3,8,macos,1.37,1419.0,Standard,2560,1600,No,Yes,Yes,Intel,2.0,Core i5,256,0,SSD,No,Intel,Iris Graphics 540,Premium,1035.766423357664,,,1419.0
lenovo,IdeaPad 320-15ISK,Notebook,15.6,4,no os,2.2,369.0,Standard,1366,768,No,No,No,Intel,2.0,Core i3 6006U,128,0,SSD,No,Intel,HD Graphics 520,Budget,167.72727272727272,60.0,Think Different,429.0
asus,Rog Strix,Gaming,17.3,8,windows 10,3.2,1299.0,Full HD,1920,1080,No,No,No,AMD,3.0,Ryzen 1700,256,1024,SSD,HDD,AMD,Radeon RX 580,Premium,405.9375,45.0,Inspiring Innovation,1344.0
dell,Inspiron 3567,Notebook,15.6,4,windows 10,2.3,639.0,Full HD,1920,1080,No,No,No,Intel,2.5,Core i5 7200U,256,0,SSD,No,AMD,Radeon R5 M430,Mid-Range,277.8260869565217,50.0,Powerful and Reliable,689.0
asus,X751NV-TY001T (N4200/4GB/1TB/GeForce,Notebook,17.3,4,windows 10,2.8,466.0,Standard,1366,768,No,No,No,Intel,1.1,Pentium Quad Core N4200,1024,0,HDD,No,Nvidia,GeForce 920MX,Budget,166.42857142857144,45.0,Inspiring Innovation,511.0
lenovo,Yoga Book,2 in 1 Convertible,10.1,4,android,0.69,319.0,Standard,1920,1200,Yes,Yes,No,Intel,1.44,Atom x5-Z8550,64,0,Flash Storage,No,Intel,HD Graphics 400,Budget,462.3188405797102,60.0,Think Different,379.0
acer,Aspire A515-51G,Notebook,15.6,8,windows 10,2.2,841.0,Full HD,1920,1080,No,Yes,No,Intel,1.8,Core i7 8550U,256,0,SSD,No,Nvidia,GeForce MX150,Mid-Range,382.27272727272725,55.0,Explore Beyond Limits,896.0
hp,255 G6,Notebook,15.6,4,windows 10,1.86,398.49,Full HD,1920,1080,No,No,No,AMD,2.5,A6-Series 9220,256,0,SSD,No,AMD,Radeon R4 Graphics,Budget,214.24193548387095,150.0,Innovation at its Best,548.49
hp,ProBook 430,Notebook,13.3,8,windows 10,1.49,1103.0,Full HD,1920,1080,No,No,No,Intel,1.8,Core i7 8550U,512,0,SSD,No,Intel,UHD Graphics 620,Premium,740.2684563758389,150.0,Innovation at its Best,1253.0
acer,Aspire 3,Notebook,15.6,4,windows 10,2.4,384.0,Standard,1366,768,No,No,No,Intel,2.4,Core i3 7100U,1024,0,HDD,No,Intel,HD Graphics 620,Budget,160.0,55.0,Explore Beyond Limits,439.0
dell,Inspiron 3576,Notebook,15.6,8,windows 10,2.13,767.8,Full HD,1920,1080,No,No,No,Intel,1.8,Core i7 8550U,256,0,SSD,No,AMD,Radeon 520,Mid-Range,360.46948356807513,50.0,Powerful and Reliable,817.8
hp,15-bs002nv (i3-6006U/4GB/128GB/FHD/W10),Notebook,15.6,4,windows 10,1.91,439.0,Full HD,1920,1080,No,No,No,Intel,2.0,Core i3 6006U,128,0,SSD,No,Intel,HD Graphics 520,Budget,229.8429319371728,150.0,Innovation at its Best,589.0
asus,VivoBook Max,Notebook,15.6,4,windows 10,2.0,586.19,Standard,1366,768,No,No,No,Intel,2.5,Core i5 7200U,256,0,SSD,No,Intel,HD Graphics 620,Mid-Range,293.095,45.0,Inspiring Innovation,631.19
msi,GS73VR 7RG,Gaming,17.3,16,windows 10,2.43,2449.0,Full HD,1920,1080,No,No,No,Intel,2.8,Core i7 7700HQ,256,2048,SSD,HDD,Nvidia,GeForce GTX 1070,Ultra-Premium,1007.8189300411522,,,2449.0
asus,X541UA-DM1897 (i3-6006U/4GB/256GB/FHD/Linux),Notebook,15.6,4,linux,2.0,415.0,Full HD,1920,1080,No,No,No,Intel,2.0,Core i3 6006U,256,0,SSD,No,Intel,HD Graphics 520,Budget,207.5,45.0,Inspiring Innovation,460.0
dell,Inspiron 5770,Notebook,17.3,16,windows 10,2.8,1299.0,Full HD,1920,1080,No,No,No,Intel,1.8,Core i7 8550U,256,2048,SSD,HDD,AMD,Radeon 530,Premium,463.9285714285714,50.0,Powerful and Reliable,1349.0
dell,Vostro 5471,Ultrabook,14.0,8,windows 10,1.7,879.0,Full HD,1920,1080,No,No,No,Intel,1.6,Core i5 8250U,256,0,SSD,No,Intel,UHD Graphics 620,Mid-Range,517.0588235294118,50.0,Powerful and Reliable,929.0
lenovo,IdeaPad 520S-14IKB,Notebook,14.0,8,no os,1.7,599.0,Full HD,1920,1080,No,Yes,No,Intel,2.7,Core i3 7130U,256,0,SSD,No,Intel,HD Graphics 620,Mid-Range,352.3529411764706,60.0,Think Different,659.0
asus,UX410UA-GV350T (i5-8250U/8GB/256GB/FHD/W10),Notebook,14.0,8,windows 10,1.4,941.0,Full HD,1920,1080,No,No,No,Intel,1.6,Core i5 8250U,256,0,SSD,No,Intel,UHD Graphics 620,Mid-Range,672.1428571428572,45.0,Inspiring Innovation,986.0
hp,250 G6,Notebook,15.6,8,windows 10,1.86,690.0,Full HD,1920,1080,No,No,No,Intel,2.5,Core i5 7200U,256,0,SSD,No,Intel,HD Graphics 620,Mid-Range,370.96774193548384,150.0,Innovation at its Best,840.0
asus,ZenBook Pro,Ultrabook,15.6,16,windows 10,1.8,1983.0,Full HD,1920,1080,No,No,No,Intel,2.8,Core i7 7700HQ,512,0,SSD,No,Nvidia,GeForce GTX 1050 Ti,Ultra-Premium,1101.6666666666667,45.0,Inspiring Innovation,2028.0
hp,250 G6,Notebook,15.6,4,windows 10,1.86,438.69,Standard,1366,768,No,No,No,Intel,2.0,Core i3 6006U,500,0,HDD,No,AMD,Radeon 520,Budget,235.8548387096774,150.0,Innovation at its Best,588.69
hp,Stream 14-AX040wm,Notebook,14.0,4,windows 10,1.44,229.0,Standard,1366,768,No,No,No,Intel,1.6,Celeron Dual Core N3060,32,0,SSD,No,Intel,HD Graphics 400,Budget,159.02777777777777,150.0,Innovation at its Best,379.0
lenovo,V310-15ISK (i5-7200U/4GB/1TB/FHD/W10),Notebook,15.6,4,windows 10,1.9,549.0,Full HD,1920,1080,No,No,No,Intel,2.5,Core i5 7200U,1024,0,HDD,No,Intel,HD Graphics 620,Mid-Range,288.94736842105266,60.0,Think Different,609.0
asus,FX753VE-GC093 (i7-7700HQ/12GB/1TB/GeForce,Gaming,17.3,12,linux,3.0,949.0,Full HD,1920,1080,No,No,No,Intel,2.8,Core i7 7700HQ,1024,0,HDD,No,Nvidia,GeForce GTX 1050 Ti,Mid-Range,316.3333333333333,45.0,Inspiring Innovation,994.0
microsoft,Surface Laptop,Ultrabook,13.5,4,windows 10 s,1.252,1089.0,Standard,2256,1504,Yes,No,No,Intel,2.5,Core i5 7200U,128,0,SSD,No,Intel,HD Graphics 620,Premium,869.8083067092651,,,1089.0
dell,Inspiron 5370,Ultrabook,13.3,8,windows 10,1.4,955.0,Full HD,1920,1080,No,Yes,No,Intel,1.8,Core i7 8550U,256,0,SSD,No,AMD,Radeon 530,Mid-Range,682.1428571428572,50.0,Powerful and Reliable,1005.0
dell,Inspiron 5570,Notebook,15.6,8,windows 10,2.2,870.0,Full HD,1920,1080,No,No,No,Intel,1.8,Core i7 8550U,256,0,SSD,No,AMD,Radeon 530,Mid-Range,395.45454545454544,50.0,Powerful and Reliable,920.0
msi,GL72M 7RDX,Gaming,17.3,8,windows 10,2.7,1095.0,Full HD,1920,1080,No,No,No,Intel,2.5,Core i5 7300HQ,128,1024,SSD,HDD,Nvidia,GeForce GTX 1050,Premium,405.55555555555554,,,1095.0
acer,Aspire E5-475,Notebook,14.0,8,windows 10,2.1,389.0,Standard,1366,768,No,No,No,Intel,2.0,Core i3 6006U,1024,0,HDD,No,Intel,HD Graphics 520,Budget,185.23809523809524,55.0,Explore Beyond Limits,444.0
asus,FX503VD-E4022T (i7-7700HQ/8GB/1TB/GeForce,Gaming,15.6,8,windows 10,2.2,949.0,Full HD,1920,1080,No,No,No,Intel,2.8,Core i7 7700HQ,1024,0,HDD,No,Nvidia,GeForce GTX 1050,Mid-Range,431.3636363636363,45.0,Inspiring Innovation,994.0
lenovo,IdeaPad 320-15IKBN,Notebook,15.6,8,no os,2.2,519.0,Full HD,1920,1080,No,No,No,Intel,2.5,Core i5 7200U,2048,0,HDD,No,Intel,HD Graphics 620,Mid-Range,235.90909090909088,60.0,Think Different,579.0
dell,Inspiron 5570,Notebook,15.6,8,windows 10,2.02,855.0,Full HD,1920,1080,No,No,No,Intel,1.8,Core i7 8550U,128,1024,SSD,HDD,Intel,UHD Graphics 620,Mid-Range,423.26732673267327,50.0,Powerful and Reliable,905.0
acer,Aspire A515-51G-32MX,Notebook,15.6,4,windows 10,2.2,530.0,Full HD,1920,1080,No,No,No,Intel,2.7,Core i3 7130U,1024,0,HDD,No,Nvidia,GeForce MX130,Mid-Range,240.90909090909088,55.0,Explore Beyond Limits,585.0
hp,ProBook 470,Notebook,17.3,8,windows 10,2.5,977.0,Full HD,1920,1080,No,No,No,Intel,1.6,Core i5 8250U,128,1024,SSD,HDD,Nvidia,GeForce 930MX,Mid-Range,390.8,150.0,Innovation at its Best,1127.0
dell,Latitude 5590,Ultrabook,15.6,8,windows 10,1.88,1096.16,Full HD,1920,1080,No,Yes,No,Intel,1.6,Core i5 8250U,256,0,SSD,No,Intel,UHD Graphics 620,Premium,583.0638297872341,50.0,Powerful and Reliable,1146.16
apple,"MacBook 12""",Ultrabook,12.0,8,macos,0.92,1510.0,Standard,2304,1440,No,Yes,Yes,Intel,1.3,Core i5,512,0,SSD,No,Intel,HD Graphics 615,Ultra-Premium,1641.304347826087,,,1510.0
hp,ProBook 440,Notebook,14.0,8,windows 10,1.63,860.0,Full HD,1920,1080,No,No,No,Intel,1.6,Core i5 8250U,256,0,SSD,No,Intel,HD Graphics 620,Mid-Range,527.6073619631902,150.0,Innovation at its Best,1010.0
lenovo,IdeaPad 320-15AST,Notebook,15.6,4,windows 10,2.2,399.0,Full HD,1920,1080,No,No,No,AMD,2.5,A6-Series 9220,128,0,SSD,No,AMD,R4 Graphics,Budget,181.36363636363637,60.0,Think Different,459.0
acer,Aspire 3,Notebook,15.6,4,windows 10,2.1,395.0,Standard,1366,768,No,No,No,AMD,3.0,A9-Series 9420,1024,0,HDD,No,AMD,Radeon R5,Budget,188.09523809523807,55.0,Explore Beyond Limits,450.0
dell,Inspiron 7577,Gaming,15.6,16,windows 10,2.65,1349.0,Full HD,1920,1080,No,Yes,No,Intel,2.8,Core i7 7700HQ,128,1024,SSD,HDD,Nvidia,GeForce GTX 1050 Ti,Premium,509.0566037735849,50.0,Powerful and Reliable,1399.0
hp,Pavilion 15-CK000nv,Ultrabook,15.6,8,windows 10,1.83,699.0,Full HD,1920,1080,No,Yes,No,Intel,1.8,Core i7 8550U,256,0,SSD,No,Nvidia,GeForce GTX 940MX,Mid-Range,381.9672131147541,150.0,Innovation at its Best,849.0
hp,250 G6,Notebook,15.6,8,windows 10,1.96,598.99,Full HD,1920,1080,No,No,No,Intel,2.5,Core i5 7200U,256,0,SSD,No,Intel,HD Graphics 620,Mid-Range,305.6071428571429,150.0,Innovation at its Best,748.99
asus,FX503VM-E4007T (i7-7700HQ/16GB/1TB,Gaming,15.6,16,windows 10,2.2,1449.0,Full HD,1920,1080,No,Yes,No,Intel,2.8,Core i7 7700HQ,128,1024,SSD,HDD,Nvidia,GeForce GTX 1060,Premium,658.6363636363636,45.0,Inspiring Innovation,1494.0
dell,XPS 13,Ultrabook,13.3,8,windows 10,1.21,1649.0,Full HD,1920,1080,No,Yes,No,Intel,1.8,Core i7 8550U,256,0,SSD,No,Intel,UHD Graphics 620,Ultra-Premium,1362.809917355372,50.0,Powerful and Reliable,1699.0
asus,FX550IK-DM018T (FX-9830P/8GB/1TB/Radeon,Gaming,15.6,8,windows 10,2.45,699.0,Full HD,1920,1080,No,No,No,AMD,3.0,FX 9830P,1024,0,HDD,No,AMD,Radeon RX 560,Mid-Range,285.3061224489796,45.0,Inspiring Innovation,744.0
acer,Aspire 5,Notebook,15.6,8,windows 10,2.2,689.0,Full HD,1920,1080,No,No,No,Intel,1.8,Core i7 8550U,1024,0,HDD,No,Nvidia,GeForce MX150,Mid-Range,313.18181818181813,55.0,Explore Beyond Limits,744.0
hp,Probook 430,Notebook,13.3,16,windows 10,1.49,1197.0,Full HD,1920,1080,No,No,No,Intel,1.8,Core i7 8550U,512,0,SSD,No,Intel,UHD Graphics 620,Premium,803.3557046979865,150.0,Innovation at its Best,1347.0
dell,Inspiron 7577,Gaming,15.6,8,windows 10,2.65,1195.0,Full HD,1920,1080,No,No,No,Intel,2.5,Core i5 7300HQ,256,0,SSD,No,Nvidia,GeForce GTX 1060,Premium,450.94339622641513,50.0,Powerful and Reliable,1245.0
asus,Zenbook UX430UA,Ultrabook,14.0,8,windows 10,1.25,1049.0,Full HD,1920,1080,No,No,No,Intel,2.7,Core i7 7500U,256,0,SSD,No,Intel,HD Graphics 620,Premium,839.2,45.0,Inspiring Innovation,1094.0
acer,Spin 5,2 in 1 Convertible,13.3,8,windows 10,1.5,847.0,Full HD,1920,1080,Yes,Yes,No,Intel,1.6,Core i5 8250U,256,0,SSD,No,Intel,UHD Graphics 620,Mid-Range,564.6666666666666,55.0,Explore Beyond Limits,902.0
dell,Inspiron 3567,Notebook,15.6,8,linux,2.2,599.9,Full HD,1920,1080,No,No,No,Intel,2.7,Core i7 7500U,1024,0,HDD,No,AMD,Radeon R5 M430,Mid-Range,272.68181818181813,50.0,Powerful and Reliable,649.9
dell,Inspiron 3567,Notebook,15.6,4,linux,2.2,485.0,Full HD,1920,1080,No,No,No,Intel,2.0,Core i3 6006U,256,0,SSD,No,AMD,Radeon R5 M430,Budget,220.45454545454544,50.0,Powerful and Reliable,535.0
asus,X541UV-DM1439T (i3-7100U/6GB/256GB/GeForce,Notebook,15.6,6,windows 10,2.0,577.0,Full HD,1920,1080,No,No,No,Intel,2.4,Core i3 7100U,256,0,SSD,No,Nvidia,GeForce 920M,Mid-Range,288.5,45.0,Inspiring Innovation,622.0
hp,Omen 15-ce007nv,Gaming,15.6,12,windows 10,2.62,1249.0,Full HD,1920,1080,No,Yes,No,Intel,2.8,Core i7 7700HQ,128,1024,SSD,HDD,Nvidia,GeForce GTX 1050,Premium,476.7175572519084,150.0,Innovation at its Best,1399.0
hp,15-bs017nv (i7-7500U/8GB/256GB/Radeon,Notebook,15.6,8,windows 10,1.91,719.0,Full HD,1920,1080,No,No,No,Intel,2.7,Core i7 7500U,256,0,SSD,No,AMD,Radeon 530,Mid-Range,376.4397905759162,150.0,Innovation at its Best,869.0
hp,15-bw000nv (E2-9000e/4GB/500GB/Radeon,Notebook,15.6,4,windows 10,2.1,349.0,Full HD,1920,1080,No,No,No,AMD,1.5,E-Series E2-9000e,500,0,HDD,No,AMD,Radeon R2,Budget,166.19047619047618,150.0,Innovation at its Best,499.0
dell,Inspiron 3576,Notebook,15.6,8,linux,2.2,647.0,Full HD,1920,1080,No,No,No,Intel,1.6,Core i5 8250U,1024,0,HDD,No,AMD,Radeon 520,Mid-Range,294.09090909090907,50.0,Powerful and Reliable,697.0
hp,Envy 13-ad009n,Ultrabook,13.3,8,windows 10,1.38,1119.0,Full HD,1920,1080,No,Yes,No,Intel,2.7,Core i7 7500U,256,0,SSD,No,Nvidia,GeForce MX150,Premium,810.8695652173914,150.0,Innovation at its Best,1269.0
microsoft,Surface Laptop,Ultrabook,13.5,8,windows 10 s,1.252,1340.0,Standard,2256,1504,Yes,No,No,Intel,2.5,Core i5 7200U,256,0,SSD,No,Intel,HD Graphics 620,Premium,1070.2875399361023,,,1340.0
hp,Pavilion 14-BK001nv,Notebook,14.0,6,windows 10,1.58,659.0,Full HD,1920,1080,No,Yes,No,Intel,2.5,Core i5 7200U,256,0,SSD,No,Nvidia,GeForce 940MX,Mid-Range,417.0886075949367,150.0,Innovation at its Best,809.0
lenovo,Ideapad 310-15ISK,Notebook,15.6,4,windows 10,1.85,414.9,Full HD,1920,1080,No,No,No,Intel,2.0,Core i3 6006U,1024,0,HDD,No,Intel,HD Graphics 520,Budget,224.27027027027023,60.0,Think Different,474.9
asus,UX430UQ-GV209R (i7-7500U/8GB/256GB/GeForce,Ultrabook,14.0,8,windows 10,1.3,1193.0,Full HD,1920,1080,No,Yes,No,Intel,2.7,Core i7 7500U,256,0,SSD,No,Nvidia,GeForce 940MX,Premium,917.6923076923076,45.0,Inspiring Innovation,1238.0
msi,GP62M 7REX,Gaming,15.6,16,windows 10,2.2,1299.0,Full HD,1920,1080,No,No,No,Intel,2.8,Core i7 7700HQ,256,1024,SSD,HDD,Nvidia,GeForce GTX 1050 Ti,Premium,590.4545454545454,,,1299.0
lenovo,Thinkpad T470,Notebook,14.0,8,windows 10,1.58,1480.0,Full HD,1920,1080,No,Yes,No,Intel,2.7,Core i7 7500U,256,0,SSD,No,Intel,HD Graphics 620,Premium,936.7088607594936,60.0,Think Different,1540.0
asus,VivoBook S15,Ultrabook,15.6,16,windows 10,1.5,1262.0,Full HD,1920,1080,No,No,No,Intel,1.8,Core i7 8550U,256,1024,SSD,HDD,Nvidia,GeForce MX150,Premium,841.3333333333334,45.0,Inspiring Innovation,1307.0
dell,XPS 13,Ultrabook,13.3,8,windows 10,1.23,1379.0,Quad HD+,3200,1800,Yes,No,No,Intel,2.4,Core i7 7560U,256,0,SSD,No,Intel,Iris Plus Graphics 640,Premium,1121.138211382114,50.0,Powerful and Reliable,1429.0
lenovo,ThinkPad Yoga,2 in 1 Convertible,13.3,8,windows 10,1.37,1399.0,Full HD,1920,1080,Yes,Yes,No,Intel,2.5,Core i5 7200U,256,0,SSD,No,Intel,HD Graphics 620,Premium,1021.1678832116788,60.0,Think Different,1459.0
hp,Probook 440,Notebook,14.0,4,windows 10,1.63,722.0,Standard,1366,768,No,Yes,No,Intel,1.6,Core i5 8250U,500,0,HDD,No,Intel,UHD Graphics 620,Mid-Range,442.9447852760737,150.0,Innovation at its Best,872.0
dell,XPS 13,Ultrabook,13.3,8,windows 10,1.21,1629.0,Full HD,1920,1080,No,Yes,No,Intel,1.6,Core i5 8250U,256,0,SSD,No,Intel,UHD Graphics 620,Ultra-Premium,1346.280991735537,50.0,Powerful and Reliable,1679.0
hp,Spectre x360,2 in 1 Convertible,13.3,8,windows 10,1.26,1398.99,Full HD,1920,1080,Yes,Yes,No,Intel,1.6,Core i5 8250U,256,0,SSD,No,Intel,UHD Graphics 620,Premium,1110.309523809524,150.0,Innovation at its Best,1548.99
hp,Probook 440,Notebook,14.0,8,windows 10,1.63,1084.0,Full HD,1920,1080,No,No,No,Intel,1.8,Core i7 8550U,512,0,SSD,No,Intel,UHD Graphics 620,Premium,665.0306748466259,150.0,Innovation at its Best,1234.0
dell,Inspiron 7570,Notebook,15.6,8,windows 10,2.16,1130.33,Full HD,1920,1080,No,Yes,No,Intel,1.8,Core i7 8550U,256,1024,SSD,HDD,Nvidia,GeForce 940MX,Premium,523.3009259259259,50.0,Powerful and Reliable,1180.33
asus,X705UV-BX074T (i3-6006U/4GB/1TB/GeForce,Notebook,17.3,4,windows 10,2.0,564.0,Full HD,1920,1080,No,No,No,Intel,2.0,Core i3 6006U,1024,0,HDD,No,Nvidia,GeForce 920MX,Mid-Range,282.0,45.0,Inspiring Innovation,609.0
asus,VivoBook S15,Notebook,15.6,8,windows 10,1.7,1118.0,Full HD,1920,1080,No,No,No,Intel,1.8,Core i7 8550U,256,0,SSD,No,Nvidia,GeForce 940MX,Premium,657.6470588235294,45.0,Inspiring Innovation,1163.0
acer,Spin 3,Notebook,15.6,6,windows 10,2.1,479.0,Full HD,1920,1080,Yes,Yes,No,Intel,2.4,Core i3 7100U,1024,0,HDD,No,Intel,HD Graphics 620,Budget,228.09523809523807,55.0,Explore Beyond Limits,534.0
msi,GS63VR 7RG,Gaming,15.6,16,windows 10,1.8,2241.5,Full HD,1920,1080,No,No,No,Intel,2.8,Core i7 7700HQ,256,2048,SSD,HDD,Nvidia,GeForce GTX 1070,Ultra-Premium,1245.2777777777778,,,2241.5
lenovo,IdeaPad 320-15IKBN,Notebook,15.6,8,no os,2.2,629.0,Full HD,1920,1080,No,No,No,Intel,2.5,Core i5 7200U,256,0,SSD,No,Nvidia,GeForce 940MX,Mid-Range,285.9090909090909,60.0,Think Different,689.0
hp,Probook 470,Notebook,17.3,16,windows 10,2.5,1271.0,Full HD,1920,1080,No,No,No,Intel,1.8,Core i7 8550U,512,0,SSD,No,Nvidia,GeForce 930MX ,Premium,508.4,150.0,Innovation at its Best,1421.0
acer,Aspire 3,Notebook,15.6,4,windows 10,2.1,451.0,Standard,1366,768,No,No,No,AMD,3.0,A9-Series 9420,256,0,SSD,No,AMD,Radeon R5,Budget,214.7619047619048,55.0,Explore Beyond Limits,506.0
hp,250 G6,Notebook,15.6,4,no os,1.86,259.0,Standard,1366,768,No,No,No,Intel,1.6,Celeron Dual Core N3060,500,0,HDD,No,Intel,HD Graphics 400,Budget,139.247311827957,150.0,Innovation at its Best,409.0
hp,Probook 440,Notebook,14.0,8,windows 10,1.63,812.0,Full HD,1920,1080,No,No,No,Intel,1.6,Core i5 8250U,1024,0,HDD,No,Intel,UHD Graphics 620,Mid-Range,498.1595092024541,150.0,Innovation at its Best,962.0
asus,E402WA-GA007T (E2-6110/4GB/64GB/W10,Notebook,14.0,4,windows 10 s,1.65,277.99,Standard,1366,768,No,No,No,AMD,1.5,E-Series 6110,64,0,SSD,No,AMD,Radeon R2,Budget,168.4787878787879,45.0,Inspiring Innovation,322.99
dell,Inspiron 5770,Notebook,17.3,16,windows 10,2.8,1396.0,Full HD,1920,1080,No,No,No,Intel,1.8,Core i7 8550U,256,2048,SSD,HDD,AMD,Radeon 530,Premium,498.5714285714286,50.0,Powerful and Reliable,1446.0
hp,ProBook 470,Notebook,17.3,8,windows 10,2.5,928.0,Full HD,1920,1080,No,No,No,Intel,1.6,Core i5 8250U,256,0,SSD,No,Intel,UHD Graphics 620,Mid-Range,371.2,150.0,Innovation at its Best,1078.0
dell,Inspiron 5567,Notebook,15.6,8,windows 10,2.36,638.99,Standard,1366,768,No,No,No,Intel,2.5,Core i5 7200U,1024,0,HDD,No,AMD,Radeon R7 M445,Mid-Range,270.7584745762712,50.0,Powerful and Reliable,688.99
dell,Inspiron 3567,Notebook,15.6,4,windows 10,2.2,449.0,Full HD,1920,1080,No,No,No,Intel,2.0,Core i3 6006U,1024,0,HDD,No,AMD,Radeon R5 M430,Budget,204.0909090909091,50.0,Powerful and Reliable,499.0
acer,Swift 3,Ultrabook,14.0,8,windows 10,1.6,884.0,Full HD,1920,1080,No,Yes,No,Intel,1.8,Core i7 8550U,256,0,SSD,No,Intel,UHD Graphics 620,Mid-Range,552.5,55.0,Explore Beyond Limits,939.0
acer,Aspire A515-51G-37JS,Notebook,15.6,4,windows 10,2.2,572.0,Full HD,1920,1080,No,No,No,Intel,2.7,Core i3 7130U,256,0,SSD,No,Nvidia,GeForce MX130,Mid-Range,260.0,55.0,Explore Beyond Limits,627.0
hp,15-BS078nr (i7-7500U/8GB/1TB/W10),Notebook,15.6,8,windows 10,2.05,598.0,Standard,1366,768,No,No,No,Intel,2.7,Core i7 7500U,1024,0,HDD,No,Intel,HD Graphics 620,Mid-Range,291.7073170731708,150.0,Innovation at its Best,748.0
hp,Probook 440,Notebook,14.0,8,windows 10,1.63,988.0,Full HD,1920,1080,No,No,No,Intel,1.8,Core i7 8550U,256,0,SSD,No,Intel,UHD Graphics 620,Mid-Range,606.1349693251534,150.0,Innovation at its Best,1138.0
lenovo,V110-15IAP (N3350/4GB/1TB/No,Notebook,15.6,4,no os,1.9,252.36,Standard,1366,768,No,No,No,Intel,1.1,Celeron Dual Core N3350,1024,0,HDD,No,Intel,HD Graphics 500,Budget,132.82105263157897,60.0,Think Different,312.36
asus,FX753VD-GC086T (i5-7300HQ/8GB/1TB,Gaming,17.3,8,windows 10,3.0,938.0,Full HD,1920,1080,No,No,No,Intel,2.5,Core i5 7300HQ,128,1024,SSD,HDD,Nvidia,GeForce GTX 1050,Mid-Range,312.6666666666667,45.0,Inspiring Innovation,983.0
lenovo,IdeaPad 320-15IKBN,Notebook,15.6,4,no os,2.2,499.0,Full HD,1920,1080,No,No,No,Intel,2.5,Core i5 7200U,1024,0,HDD,No,Nvidia,GeForce 920MX,Budget,226.8181818181818,60.0,Think Different,559.0
hp,Envy 13-AD007nv,Notebook,13.3,4,windows 10,1.32,699.0,Full HD,1920,1080,No,Yes,No,Intel,2.5,Core i5 7200U,256,0,SSD,No,Intel,HD Graphics 620,Mid-Range,529.5454545454545,150.0,Innovation at its Best,849.0
acer,Aspire 5,Notebook,17.3,4,windows 10,3.0,655.0,Full HD,1920,1080,No,Yes,No,Intel,2.7,Core i3 7130U,1024,0,HDD,No,Nvidia,GeForce MX130,Mid-Range,218.33333333333331,55.0,Explore Beyond Limits,710.0
lenovo,ThinkPad E480,Notebook,14.0,8,windows 10,1.75,1116.02,Full HD,1920,1080,No,Yes,No,Intel,1.6,Core i5 8250U,256,0,SSD,No,AMD,Radeon RX 550,Premium,637.7257142857143,60.0,Think Different,1176.02
lenovo,Legion Y520-15IKBN,Gaming,15.6,8,no os,2.4,869.0,Full HD,1920,1080,No,Yes,No,Intel,2.8,Core i7 7700HQ,256,0,SSD,No,Nvidia,GeForce GTX 1050M,Mid-Range,362.08333333333337,60.0,Think Different,929.0
toshiba,Satellite Pro,Notebook,15.6,4,windows 10,2.1,602.0,Standard,1366,768,No,No,No,Intel,2.3,Core i5 6200U,500,0,HDD,No,Intel,HD Graphics 520,Mid-Range,286.66666666666663,,,602.0
hp,255 G6,Notebook,15.6,4,windows 10,1.86,369.0,Standard,1366,768,No,No,No,AMD,2.5,A6-Series 9220,256,0,SSD,No,AMD,Radeon R4 Graphics,Budget,198.38709677419357,150.0,Innovation at its Best,519.0
asus,ZenBook UX430UA,Ultrabook,14.0,8,windows 10,1.25,1099.0,Full HD,1920,1080,No,No,No,Intel,1.8,Core i7 8550U,256,0,SSD,No,Intel,UHD Graphics 620,Premium,879.2,45.0,Inspiring Innovation,1144.0
hp,EliteBook Folio,Ultrabook,12.5,8,windows 10,0.97,2014.0,4K Ultra HD,3840,2160,Yes,Yes,No,Intel,1.2,Core M 6Y75,512,0,SSD,No,Intel,HD Graphics 515,Ultra-Premium,2076.2886597938145,150.0,Innovation at its Best,2164.0
asus,X541NA (N3350/4GB/1TB/FHD/W10),Notebook,15.6,4,windows 10,2.0,344.0,Full HD,1920,1080,No,No,No,Intel,1.1,Celeron Dual Core N3350,1024,0,HDD,No,Intel,HD Graphics 500,Budget,172.0,45.0,Inspiring Innovation,389.0
msi,GE72MVR 7RG,Gaming,17.3,16,windows 10,2.9,2029.0,Full HD,1920,1080,No,No,No,Intel,2.8,Core i7 7700HQ,256,1024,SSD,HDD,Nvidia,GeForce GTX 1070,Ultra-Premium,699.6551724137931,,,2029.0
acer,Aspire A315-51,Notebook,15.6,4,windows 10,2.1,447.0,Standard,1366,768,No,No,No,Intel,2.0,Core i3 6006U,1024,0,HDD,No,Intel,HD Graphics 520,Budget,212.8571428571429,55.0,Explore Beyond Limits,502.0
dell,Inspiron 5577,Gaming,15.6,16,windows 10,2.56,1249.26,Full HD,1920,1080,No,No,No,Intel,2.8,Core i7 7700HQ,512,0,SSD,No,Nvidia,GeForce GTX 1050,Premium,487.9921875,50.0,Powerful and Reliable,1299.26
dell,Inspiron 7567,Gaming,15.6,8,windows 10,2.62,899.0,Full HD,1920,1080,No,No,No,Intel,2.8,Core i7 7700HQ,1024,0,Hybrid,No,Nvidia,GeForce GTX 1050,Mid-Range,343.1297709923664,50.0,Powerful and Reliable,949.0
lenovo,V110-15IKB (i5-7200U/4GB/128GB/W10),Notebook,15.6,4,windows 10,1.9,498.0,Standard,1366,768,No,No,No,Intel,2.5,Core i5 7200U,128,0,SSD,No,Intel,HD Graphics 620,Budget,262.10526315789474,60.0,Think Different,558.0
msi,GE73VR 7RE,Gaming,17.3,16,windows 10,2.8,1890.0,Full HD,1920,1080,No,No,No,Intel,2.8,Core i7 7700HQ,256,1024,SSD,HDD,Nvidia,GeForce GTX 1060,Ultra-Premium,675.0,,,1890.0
hp,EliteBook 840,Ultrabook,14.0,4,windows 10,1.48,1082.0,Full HD,1920,1080,No,No,No,Intel,2.7,Core i5 7500U,256,0,SSD,No,Intel,HD Graphics 620,Premium,731.081081081081,150.0,Innovation at its Best,1232.0
hp,15-BS103nv (i5-8250U/6GB/256GB/Radeon,Notebook,15.6,6,windows 10,1.91,619.0,Full HD,1920,1080,No,No,No,Intel,1.6,Core i5 8250U,256,0,SSD,No,AMD,Radeon 520,Mid-Range,324.08376963350787,150.0,Innovation at its Best,769.0
lenovo,Yoga 520-14IKB,2 in 1 Convertible,14.0,4,windows 10,1.74,629.0,Full HD,1920,1080,Yes,Yes,No,Intel,2.4,Core i3 7100U,256,0,SSD,No,Intel,HD Graphics 620,Mid-Range,361.4942528735632,60.0,Think Different,689.0
asus,ZenBook Flip,2 in 1 Convertible,13.3,8,windows 10,1.1,1315.0,Full HD,1920,1080,Yes,No,No,Intel,1.6,Core i5 8250U,256,0,SSD,No,Intel,HD Graphics 620,Premium,1195.4545454545453,45.0,Inspiring Innovation,1360.0
dell,Inspiron 5579,2 in 1 Convertible,15.6,8,windows 10,1.56,1049.0,Full HD,1920,1080,Yes,No,No,Intel,1.8,Core i7 8550U,256,0,SSD,No,Intel,UHD Graphics 620,Premium,672.4358974358975,50.0,Powerful and Reliable,1099.0
toshiba,Satellite Pro,Notebook,15.6,4,windows 10,2.1,447.0,Standard,1366,768,No,No,No,Intel,2.2,Core i3 6006U,500,0,HDD,No,Intel,HD Graphics 520,Budget,212.8571428571429,,,447.0
asus,X555BP-XX180T (A9-9420/4GB/1TB/Radeon,Notebook,15.6,4,windows 10,2.03,403.0,Standard,1366,768,No,No,No,AMD,3.0,A9-Series 9420,1024,0,HDD,No,AMD,Radeon R5 M420,Budget,198.52216748768475,45.0,Inspiring Innovation,448.0
acer,Aspire A517-51G,Notebook,17.3,4,windows 10,3.0,805.0,Full HD,1920,1080,No,Yes,No,Intel,1.6,Core i5 8250U,256,0,SSD,No,Nvidia,GeForce MX150,Mid-Range,268.3333333333333,55.0,Explore Beyond Limits,860.0
dell,Inspiron 3576,Notebook,15.6,8,windows 10,2.13,728.0,Full HD,1920,1080,No,No,No,Intel,1.6,Core i5 8250U,256,0,SSD,No,AMD,Radeon 520,Mid-Range,341.78403755868544,50.0,Powerful and Reliable,778.0
lenovo,Legion Y520-15IKBN,Gaming,15.6,16,windows 10,2.5,1079.0,Full HD,1920,1080,No,Yes,No,Intel,2.8,Core i7 7700HQ,256,0,SSD,No,Nvidia,GeForce GTX 1050 Ti,Premium,431.6,60.0,Think Different,1139.0
acer,Aspire A315-31,Notebook,15.6,4,windows 10,2.1,348.0,Standard,1366,768,No,No,No,Intel,1.1,Celeron Dual Core N3350,1024,0,HDD,No,Intel,HD Graphics 500,Budget,165.7142857142857,55.0,Explore Beyond Limits,403.0
msi,GE63VR 7RE,Gaming,15.6,16,windows 10,2.4,1799.0,Full HD,1920,1080,No,Yes,No,Intel,2.8,Core i7 7700HQ,256,1024,SSD,HDD,Nvidia,GeForce GTX 1060,Ultra-Premium,749.5833333333334,,,1799.0
acer,Aspire 3,Notebook,15.6,4,windows 10,2.1,363.51,Standard,1366,768,No,No,No,Intel,1.1,Pentium Quad Core N4200,1024,0,HDD,No,Intel,HD Graphics 505,Budget,173.1,55.0,Explore Beyond Limits,418.51
dell,Inspiron 5577,Gaming,15.6,8,windows 10,2.56,1060.49,Full HD,1920,1080,No,No,No,Intel,2.8,Core i7 7700HQ,128,1024,SSD,HDD,Nvidia,GeForce GTX 1050,Premium,414.25390625,50.0,Powerful and Reliable,1110.49
acer,Aspire A517-51G,Notebook,17.3,8,windows 10,3.0,854.0,Full HD,1920,1080,No,Yes,No,Intel,1.6,Core i5 8250U,256,0,SSD,No,Nvidia,GeForce MX150,Mid-Range,284.6666666666667,55.0,Explore Beyond Limits,909.0
hp,ProBook 430,Notebook,13.3,4,windows 10,1.49,754.0,Full HD,1920,1080,No,Yes,No,Intel,1.6,Core i5 8250U,500,0,HDD,No,Intel,UHD Graphics 620,Mid-Range,506.0402684563758,150.0,Innovation at its Best,904.0
huawei,MateBook X,Ultrabook,13.0,8,windows 10,1.05,1349.0,Full HD,2160,1440,No,Yes,No,Intel,2.5,Core i5 7200U,256,0,SSD,No,Intel,HD Graphics 620,Premium,1284.7619047619048,,,1349.0
hp,17-bs001nv (i5-7200U/6GB/2TB/Radeon,Notebook,17.3,6,windows 10,2.71,699.0,Full HD,1920,1080,No,Yes,No,Intel,2.5,Core i5 7200U,2048,0,HDD,No,AMD,Radeon 520,Mid-Range,257.9335793357933,150.0,Innovation at its Best,849.0
lenovo,IdeaPad 320-15AST,Notebook,15.6,4,no os,2.2,309.0,Standard,1366,768,No,No,No,AMD,2.9,A6-Series 9220,500,0,HDD,No,AMD,Radeon R4 Graphics,Budget,140.45454545454544,60.0,Think Different,369.0
toshiba,Satellite Pro,Notebook,15.6,4,windows 10,2.0,489.0,Standard,1366,768,No,No,No,Intel,2.4,Core i3 7100U,500,0,HDD,No,Intel,HD Graphics 620,Budget,244.5,,,489.0
hp,ProBook 470,Notebook,17.3,8,windows 10,2.5,923.0,Full HD,1920,1080,No,No,No,Intel,1.6,Core i5 8250U,256,0,SSD,No,Nvidia,GeForce 930MX,Mid-Range,369.2,150.0,Innovation at its Best,1073.0
dell,Inspiron 3567,Notebook,15.6,8,windows 10,2.3,459.0,Standard,1366,768,No,No,No,Intel,2.4,Core i3 7100U,1024,0,HDD,No,Intel,HD Graphics 620,Budget,199.5652173913044,50.0,Powerful and Reliable,509.0
acer,Aspire A315-51,Notebook,15.6,4,windows 10,2.1,449.0,Standard,1366,768,No,No,No,Intel,2.0,Core i3 6006U,128,0,SSD,No,Intel,HD Graphics 520,Budget,213.8095238095238,55.0,Explore Beyond Limits,504.0
msi,GT80S 6QF-074US,Gaming,18.4,32,windows 10,4.4,2799.0,Full HD,1920,1080,No,No,No,Intel,2.9,Core i7 6920HQ,512,1024,SSD,HDD,Nvidia,GTX 980 SLI,Ultra-Premium,636.1363636363636,,,2799.0
lenovo,V310-15IKB (i5-7200U/8GB/1TB,Notebook,15.6,8,windows 10,1.9,813.0,Full HD,1920,1080,No,No,No,Intel,2.5,Core i5 7200U,128,1024,SSD,HDD,AMD,R17M-M1-70,Mid-Range,427.89473684210526,60.0,Think Different,873.0
hp,Spectre x360,2 in 1 Convertible,13.3,8,windows 10,1.29,1499.0,4K Ultra HD,3840,2160,Yes,Yes,No,Intel,1.6,Core i5 8250U,256,0,SSD,No,Intel,UHD Graphics 620,Premium,1162.015503875969,150.0,Innovation at its Best,1649.0
dell,Inspiron 5570,Notebook,15.6,16,linux,2.02,1049.0,Full HD,1920,1080,No,No,No,Intel,1.8,Core i7 8550U,256,2048,SSD,HDD,AMD,Radeon 530,Premium,519.3069306930693,50.0,Powerful and Reliable,1099.0
dell,XPS 13,Ultrabook,13.3,8,windows 10,1.23,1399.0,Full HD,1920,1080,No,No,No,Intel,1.6,Core i5 8250U,256,0,SSD,No,Intel,UHD Graphics 620,Premium,1137.39837398374,50.0,Powerful and Reliable,1449.0
lenovo,Yoga 920-13IKB,2 in 1 Convertible,13.9,16,windows 10,1.4,1849.0,4K Ultra HD,3840,2160,Yes,Yes,No,Intel,1.8,Core i7 8550U,512,0,SSD,No,Intel,UHD Graphics 620,Ultra-Premium,1320.7142857142858,60.0,Think Different,1909.0
toshiba,Satellite Pro,Notebook,15.6,8,windows 10,2.0,793.0,Standard,1366,768,No,No,No,Intel,2.5,Core i5 7200U,128,0,SSD,No,Intel,HD Graphics 620,Mid-Range,396.5,,,793.0
xiaomi,Mi Notebook,Notebook,15.6,8,no os,1.95,1199.0,Full HD,1920,1080,No,Yes,No,Intel,1.6,Core i5 8250U,256,0,SSD,No,Nvidia,GeForce MX150,Premium,614.8717948717949,,,1199.0
dell,Inspiron 7773,Notebook,17.3,16,windows 10,2.77,1549.0,Full HD,1920,1080,Yes,No,No,Intel,1.8,Core i7 8550U,512,0,SSD,No,Nvidia,GeForce 150MX,Ultra-Premium,559.2057761732852,50.0,Powerful and Reliable,1599.0
dell,XPS 15,Notebook,15.6,16,windows 10,2.06,2397.0,4K Ultra HD,3840,2160,Yes,No,No,Intel,2.8,Core i7 7700HQ,512,0,SSD,No,Nvidia,GeForce GTX 1050,Ultra-Premium,1163.5922330097087,50.0,Powerful and Reliable,2447.0
lenovo,Legion Y520-15IKBN,Gaming,15.6,8,no os,2.4,779.0,Full HD,1920,1080,No,Yes,No,Intel,2.5,Core i5 7300HQ,256,0,SSD,No,Nvidia,GeForce GTX 1050,Mid-Range,324.58333333333337,60.0,Think Different,839.0
acer,Swift 7,Ultrabook,13.3,8,windows 10,1.12,989.0,Full HD,1920,1080,No,Yes,No,Intel,1.2,Core i5 7Y54,256,0,SSD,No,Intel,HD Graphics 615,Mid-Range,883.0357142857142,55.0,Explore Beyond Limits,1044.0
dell,Inspiron 5770,Notebook,17.3,8,windows 10,2.8,1085.0,Full HD,1920,1080,No,No,No,Intel,1.8,Core i7 8550U,128,1024,SSD,HDD,AMD,Radeon 530,Premium,387.5,50.0,Powerful and Reliable,1135.0
lenovo,Thinkpad Yoga,2 in 1 Convertible,14.0,16,windows 10,1.42,2824.0,Standard,2560,1440,Yes,No,No,Intel,2.7,Core i7 7500U,1024,0,SSD,No,Intel,HD Graphics 620,Ultra-Premium,1988.7323943661968,60.0,Think Different,2884.0
vero,K147 (N3350/4GB/32GB/FHD/W10),Notebook,14.0,4,windows 10,1.3,260.0,Full HD,1920,1080,No,Yes,No,Intel,1.1,Celeron Dual Core N3350,32,0,Flash Storage,No,Intel,HD Graphics 500,Budget,200.0,,,260.0
xiaomi,Mi Notebook,Ultrabook,13.3,8,no os,1.3,999.9,Full HD,1920,1080,No,Yes,No,Intel,2.5,Core i5 7200U,256,0,SSD,No,Nvidia,GeForce MX150,Mid-Range,769.1538461538461,,,999.9
lenovo,IdeaPad 320-17IKBR,Notebook,17.3,8,no os,2.8,698.0,Standard,1600,900,No,No,No,Intel,1.6,Core i5 8250U,256,0,SSD,No,Nvidia,GeForce MX150,Mid-Range,249.2857142857143,60.0,Think Different,758.0
dell,Inspiron 5379,2 in 1 Convertible,13.3,8,windows 10,1.62,839.0,Full HD,1920,1080,Yes,Yes,No,Intel,1.8,Core i7 8550U,1024,0,HDD,No,Intel,UHD Graphics 620,Mid-Range,517.9012345679012,50.0,Powerful and Reliable,889.0
hp,ProBook 470,Notebook,17.3,8,windows 10,2.5,914.0,Full HD,1920,1080,No,Yes,No,Intel,1.6,Core i5 8250U,1024,0,HDD,No,Nvidia,GeForce 930MX,Mid-Range,365.6,150.0,Innovation at its Best,1064.0
razer,Blade Pro,Gaming,17.3,32,windows 10,3.49,6099.0,4K Ultra HD,3840,2160,Yes,No,No,Intel,2.9,Core i7 7820HK,1024,0,SSD,No,Nvidia,GeForce GTX 1080,Ultra-Premium,1747.56446991404,,,6099.0
hp,ProBook 430,Notebook,13.3,8,windows 10,1.49,959.0,Full HD,1920,1080,No,No,No,Intel,1.6,Core i5 8250U,512,0,SSD,No,Intel,UHD Graphics 620,Mid-Range,643.6241610738255,150.0,Innovation at its Best,1109.0
hp,Omen 17-W295,Gaming,17.3,16,windows 10,3.35,1379.0,Full HD,1920,1080,No,Yes,No,Intel,2.8,Core i7 7700HQ,256,1024,SSD,HDD,Nvidia,GeForce GTX 1050,Premium,411.6417910447761,150.0,Innovation at its Best,1529.0
hp,Probook 470,Notebook,17.3,8,windows 10,2.5,1045.0,Full HD,1920,1080,No,No,No,Intel,1.8,Core i7 8550U,256,0,SSD,No,Nvidia,GeForce 930MX ,Premium,418.0,150.0,Innovation at its Best,1195.0
dell,Inspiron 7577,Gaming,15.6,16,windows 10,2.65,1845.0,4K Ultra HD,3840,2160,No,Yes,No,Intel,2.8,Core i7 7700HQ,512,1024,SSD,HDD,Nvidia,GeForce GTX 1060,Ultra-Premium,696.2264150943397,50.0,Powerful and Reliable,1895.0
lenovo,V110-15ISK (i5-6200U/4GB/128GB/W10),Notebook,15.6,4,windows 10,2.1,493.0,Standard,1366,768,No,No,No,Intel,2.3,Core i5 6200U,128,0,SSD,No,Intel,HD Graphics 520,Budget,234.7619047619048,60.0,Think Different,553.0
acer,Aspire E5-576G,Notebook,15.6,8,windows 10,2.23,742.0,Full HD,1920,1080,No,No,No,Intel,2.7,Core i7 7500U,1024,0,HDD,No,Nvidia,GeForce 940MX,Mid-Range,332.7354260089686,55.0,Explore Beyond Limits,797.0
lenovo,Legion Y720-15IKB,Gaming,15.6,16,windows 10,3.2,1749.0,Full HD,1920,1080,No,Yes,No,Intel,2.8,Core i7 7700HQ,512,1024,SSD,HDD,Nvidia,GeForce GTX 1060,Ultra-Premium,546.5625,60.0,Think Different,1809.0
dell,Precision 7520,Workstation,15.6,16,windows 10,2.8,3055.0,4K Ultra HD,3840,2160,No,No,No,Intel,3.0,Xeon E3-1505M V6,256,1024,SSD,HDD,Nvidia,Quadro M1200,Ultra-Premium,1091.071428571429,50.0,Powerful and Reliable,3105.0
lenovo,Legion Y520-15IKBN,Gaming,15.6,16,no os,2.4,1398.0,Full HD,1920,1080,No,No,No,Intel,2.8,Core i7 7700HQ,512,0,SSD,No,Nvidia,GeForce GTX 1060,Premium,582.5,60.0,Think Different,1458.0
dell,Inspiron 3567,Notebook,15.6,6,windows 10,2.3,439.0,Standard,1366,768,Yes,No,No,Intel,2.4,Core i3 7100U,1024,0,HDD,No,Intel,HD Graphics 620,Budget,190.8695652173913,50.0,Powerful and Reliable,489.0
dell,XPS 13,Ultrabook,13.3,8,windows 10,1.21,1949.0,4K Ultra HD,3840,2160,Yes,Yes,No,Intel,1.8,Core i7 8550U,256,0,SSD,No,Intel,UHD Graphics 620,Ultra-Premium,1610.743801652893,50.0,Powerful and Reliable,1999.0
dell,XPS 13,Ultrabook,13.3,8,windows 10,1.2,1449.0,Full HD,1920,1080,No,No,No,Intel,1.8,Core i7 8550U,256,0,SSD,No,Intel,UHD Graphics 620,Premium,1207.5,50.0,Powerful and Reliable,1499.0
lenovo,IdeaPad 320-15IKBN,Notebook,15.6,8,windows 10,2.2,597.0,Standard,1366,768,No,No,No,Intel,2.5,Core i5 7200U,256,0,SSD,No,Intel,HD Graphics 620,Mid-Range,271.3636363636363,60.0,Think Different,657.0
acer,Aspire 7,Notebook,15.6,8,linux,2.4,779.0,Full HD,1920,1080,No,No,No,Intel,2.8,Core i7 7700HQ,1024,0,HDD,No,Nvidia,GeForce GTX 1050,Mid-Range,324.58333333333337,55.0,Explore Beyond Limits,834.0
asus,ROG GL703VD-GC028T,Gaming,17.3,16,windows 10,2.9,1407.0,Full HD,1920,1080,No,No,No,Intel,2.8,Core i7 7700HQ,256,1024,SSD,HDD,Nvidia,GeForce GTX 1050,Premium,485.1724137931035,45.0,Inspiring Innovation,1452.0
hp,15-bs018nq (i3-6006U/4GB/500GB/FHD/No,Notebook,15.6,4,no os,2.1,349.0,Full HD,1920,1080,No,No,No,Intel,2.0,Core i3 6006U,500,0,HDD,No,Intel,HD Graphics 520,Budget,166.19047619047618,150.0,Innovation at its Best,499.0
lenovo,IdeaPad 320-15IKBN,Notebook,15.6,8,no os,2.2,549.0,Full HD,1920,1080,No,No,No,Intel,2.5,Core i5 7200U,256,0,SSD,No,Intel,HD Graphics 620,Mid-Range,249.54545454545453,60.0,Think Different,609.0
huawei,MateBook X,Ultrabook,13.0,8,windows 10,1.05,1499.0,Full HD,2160,1440,No,Yes,No,Intel,2.7,Core i7 7500U,512,0,SSD,No,Intel,HD Graphics 620,Premium,1427.6190476190477,,,1499.0
dell,Inspiron 5370,Ultrabook,13.3,8,windows 10,1.4,931.88,Full HD,1920,1080,No,Yes,No,Intel,1.8,Core i7 8550U,256,0,SSD,No,AMD,Radeon 530,Mid-Range,665.6285714285715,50.0,Powerful and Reliable,981.88
lenovo,IdeaPad 320-17IKB,Notebook,17.3,8,no os,2.8,589.0,Standard,1600,900,No,No,No,Intel,2.5,Core i5 7200U,1024,0,HDD,No,Nvidia,GeForce GTX 940MX,Mid-Range,210.3571428571429,60.0,Think Different,649.0
hp,Probook 440,Notebook,14.0,8,windows 10,1.63,1031.0,Full HD,1920,1080,No,No,No,Intel,1.8,Core i7 8550U,256,0,SSD,No,Nvidia,GeForce 930MX,Premium,632.5153374233129,150.0,Innovation at its Best,1181.0
dell,Latitude 5490,Ultrabook,14.0,8,windows 10,1.6,1149.0,Full HD,1920,1080,No,No,No,Intel,1.6,Core i5 8250U,256,0,SSD,No,Intel,UHD Graphics 620,Premium,718.125,50.0,Powerful and Reliable,1199.0
dell,Inspiron 5379,2 in 1 Convertible,13.3,16,windows 10,1.62,1279.0,Full HD,1920,1080,Yes,No,No,Intel,1.8,Core i7 8550U,512,0,SSD,No,Intel,UHD Graphics 620,Premium,789.5061728395061,50.0,Powerful and Reliable,1329.0
dell,Inspiron 3576,Notebook,15.6,8,linux,2.2,677.35,Full HD,1920,1080,No,No,No,Intel,1.6,Core i5 8250U,256,0,SSD,No,AMD,Radeon 520,Mid-Range,307.8863636363636,50.0,Powerful and Reliable,727.35
lenovo,Yoga 520-14IKB,2 in 1 Convertible,14.0,8,windows 10,1.74,899.0,Full HD,1920,1080,No,Yes,No,Intel,1.6,Core i5 8250U,256,0,SSD,No,Intel,UHD Graphics 620,Mid-Range,516.6666666666666,60.0,Think Different,959.0
toshiba,Portege Z30-C-16L,Ultrabook,13.3,8,windows 10,1.2,1363.0,Full HD,1920,1080,No,No,No,Intel,2.5,Core i7 6500U,256,0,SSD,No,Intel,HD Graphics 520,Premium,1135.8333333333337,,,1363.0
hp,ProBook 450,Notebook,15.6,8,windows 10,2.1,794.0,Full HD,1920,1080,No,No,No,Intel,1.6,Core i5 8250U,1024,0,HDD,No,Intel,UHD Graphics 620,Mid-Range,378.0952380952381,150.0,Innovation at its Best,944.0
dell,Alienware 17,Gaming,17.3,16,windows 10,4.42,2456.34,Full HD,1920,1080,No,Yes,No,Intel,2.8,Core i7 7700HQ,256,1024,SSD,HDD,Nvidia,GeForce GTX 1060,Ultra-Premium,555.7330316742082,50.0,Powerful and Reliable,2506.34
acer,Aspire E5-576G,Notebook,15.6,8,windows 10,2.2,832.0,Full HD,1920,1080,No,No,No,Intel,2.7,Core i7 7500U,256,0,SSD,No,Nvidia,GeForce 940MX,Mid-Range,378.1818181818181,55.0,Explore Beyond Limits,887.0
dell,Inspiron 5567,Notebook,15.6,16,windows 10,2.3,859.01,Full HD,1920,1080,Yes,No,No,Intel,2.7,Core i7 7500U,1024,0,HDD,No,AMD,Radeon R7 M445,Mid-Range,373.4826086956522,50.0,Powerful and Reliable,909.01
asus,Vivobook X541UV-DM1217T,Notebook,15.6,8,windows 10,2.0,769.0,Full HD,1920,1080,No,No,No,Intel,2.5,Core i5 7200U,256,0,SSD,No,Nvidia,GeForce 920MX ,Mid-Range,384.5,45.0,Inspiring Innovation,814.0
asus,K756UX-T4340T (i5-7200U/8GB/500GB,Notebook,17.3,8,windows 10,2.69,891.0,Full HD,1920,1080,No,No,No,Intel,2.5,Core i5 7200U,256,500,SSD,HDD,Nvidia,GeForce GTX 950M,Mid-Range,331.2267657992565,45.0,Inspiring Innovation,936.0
hp,ZBook 15u,Notebook,15.6,8,windows 10,1.9,1269.0,Full HD,1920,1080,No,No,No,Intel,2.7,Core i7 7500U,1024,0,HDD,No,AMD,FirePro W4190M ,Premium,667.8947368421053,150.0,Innovation at its Best,1419.0
asus,Pro P2540UA-XO0198T,Notebook,15.6,4,windows 10,2.37,398.99,Standard,1366,768,No,No,No,Intel,2.4,Core i3 7100U,1024,0,HDD,No,Intel,HD Graphics 620,Budget,168.35021097046413,45.0,Inspiring Innovation,443.99
hp,15-rb013nv (E2-9000e/4GB/500GB/W10),Notebook,15.6,4,windows 10,2.1,330.0,Standard,1366,768,No,No,No,AMD,1.5,E-Series 9000e,500,0,HDD,No,AMD,Radeon R2,Budget,157.14285714285714,150.0,Innovation at its Best,480.0
lenovo,Legion Y720-15IKB,Gaming,15.6,16,windows 10,3.2,1499.0,Full HD,1920,1080,No,Yes,No,Intel,2.8,Core i7 7700HQ,256,1024,SSD,HDD,Nvidia,GeForce GTX 1060,Premium,468.4375,60.0,Think Different,1559.0
dell,Vostro 5468,Notebook,14.0,8,windows 10,1.6,859.0,Full HD,1920,1080,No,No,No,Intel,2.5,Core i5 7200U,256,0,SSD,No,Intel,HD Graphics 620,Mid-Range,536.875,50.0,Powerful and Reliable,909.0
acer,Aspire R7,2 in 1 Convertible,13.3,8,windows 10,1.6,689.0,Full HD,1920,1080,Yes,Yes,No,Intel,2.3,Core i5 6200U,256,0,SSD,No,Intel,HD Graphics 520,Mid-Range,430.625,55.0,Explore Beyond Limits,744.0
dell,Inspiron 5567,Notebook,15.6,16,linux,2.36,899.0,Full HD,1920,1080,No,No,No,Intel,2.7,Core i7 7500U,256,0,SSD,No,AMD,Radeon R7 M445,Mid-Range,380.9322033898305,50.0,Powerful and Reliable,949.0
acer,Aspire A315-51,Notebook,15.6,4,linux,2.1,390.0,Standard,1366,768,No,No,No,Intel,2.0,Core i3 6006U,1024,0,HDD,No,Intel,HD Graphics 520,Budget,185.7142857142857,55.0,Explore Beyond Limits,445.0
asus,X555QG-DM242T (A10-9620P/4GB/1TB,Notebook,15.6,4,windows 10,2.2,575.0,Full HD,1920,1080,No,No,No,AMD,2.5,A10-Series A10-9620P,128,1024,SSD,HDD,AMD,Radeon R5 M430,Mid-Range,261.3636363636363,45.0,Inspiring Innovation,620.0
asus,ROG G703VI-E5062T,Gaming,17.3,32,windows 10,4.7,3890.0,Full HD,1920,1080,No,No,No,Intel,2.9,Core i7 7820HK,512,1024,SSD,HDD,Nvidia,GeForce GTX 1080,Ultra-Premium,827.6595744680851,45.0,Inspiring Innovation,3935.0
acer,Nitro AN515-51,Gaming,15.6,8,windows 10,2.5,846.0,Full HD,1920,1080,No,Yes,No,Intel,2.5,Core i5 7300HQ,256,0,SSD,No,Nvidia,GeForce GTX 1050,Mid-Range,338.4,55.0,Explore Beyond Limits,901.0
lenovo,IdeaPad 320-15ISK,Notebook,15.6,8,windows 10,2.2,589.0,Standard,1366,768,No,No,No,Intel,2.0,Core i3 6006U,128,0,SSD,No,Intel,HD Graphics 520,Mid-Range,267.7272727272727,60.0,Think Different,649.0
asus,VivoBook Pro,Notebook,17.3,8,windows 10,2.1,1145.0,Full HD,1920,1080,No,No,No,Intel,1.8,Core i7 8550U,128,1024,SSD,HDD,Nvidia,GeForce 150MX,Premium,545.2380952380952,45.0,Inspiring Innovation,1190.0
asus,F756UX-T4201D (i7-7500U/8GB/128GB,Notebook,17.3,8,no os,2.69,889.0,Full HD,1920,1080,No,No,No,Intel,2.7,Core i7 7500U,128,1024,SSD,HDD,Nvidia,GeForce GTX 950M,Mid-Range,330.4832713754647,45.0,Inspiring Innovation,934.0
dell,Inspiron 5577,Gaming,15.6,8,windows 10,2.56,879.0,Full HD,1920,1080,No,No,No,Intel,2.5,Core i5 7300HQ,256,0,SSD,No,Nvidia,GeForce GTX 1050,Mid-Range,343.359375,50.0,Powerful and Reliable,929.0
lenovo,Yoga 910-13IKB,2 in 1 Convertible,13.9,8,windows 10,1.38,1079.0,Full HD,1920,1080,Yes,Yes,No,Intel,2.7,Core i7 7500U,256,0,SSD,No,Intel,HD Graphics 620,Premium,781.8840579710145,60.0,Think Different,1139.0
dell,Inspiron 5570,Notebook,15.6,8,windows 10,2.2,985.0,Full HD,1920,1080,No,No,No,Intel,1.8,Core i7 8550U,128,2048,SSD,HDD,AMD,Radeon 530,Mid-Range,447.7272727272727,50.0,Powerful and Reliable,1035.0
hp,15-bs015dx (i5-7200U/8GB/1TB/W10),Notebook,15.6,8,windows 10,2.04,559.0,Standard,1366,768,Yes,No,No,Intel,2.5,Core i5 7200U,1024,0,HDD,No,Intel,HD Graphics 620,Mid-Range,274.01960784313724,150.0,Innovation at its Best,709.0
asus,Rog G701VIK-BA060T,Gaming,17.3,16,windows 10,3.6,2999.0,Full HD,1920,1080,No,No,No,Intel,2.9,Core i7 7820HK,256,0,SSD,No,Nvidia,GeForce GTX 1080,Ultra-Premium,833.0555555555555,45.0,Inspiring Innovation,3044.0
hp,ProBook 430,Notebook,13.3,4,windows 10,1.49,675.0,Full HD,1920,1080,No,Yes,No,Intel,1.6,Core i5 8250U,500,0,HDD,No,Intel,UHD Graphics 620,Mid-Range,453.020134228188,150.0,Innovation at its Best,825.0
apple,MacBook Pro,Ultrabook,13.3,8,macos,1.37,2040.0,Standard,2560,1600,No,Yes,Yes,Intel,3.1,Core i5,512,0,SSD,No,Intel,Iris Plus Graphics 650,Ultra-Premium,1489.0510948905107,,,2040.0
dell,Inspiron 5579,2 in 1 Convertible,15.6,8,windows 10,2.08,819.0,Full HD,1920,1080,Yes,Yes,No,Intel,1.8,Core i7 8550U,1024,0,HDD,No,Intel,UHD Graphics 620,Mid-Range,393.75,50.0,Powerful and Reliable,869.0
asus,ROG G752VSK-GC493T,Gaming,17.3,16,windows 10,4.3,1799.0,Full HD,1920,1080,No,No,No,Intel,2.8,Core i7 7700HQ,256,1024,SSD,HDD,Nvidia,GeForce GTX 980M,Ultra-Premium,418.37209302325584,45.0,Inspiring Innovation,1844.0
asus,X505BP-BR019T (A9-9420/4GB/1TB/Radeon,Notebook,15.6,4,windows 10,1.68,469.0,Standard,1366,768,No,No,No,AMD,3.0,A9-Series 9420,1024,0,HDD,No,AMD,Radeon R5 M420,Budget,279.1666666666667,45.0,Inspiring Innovation,514.0
lenovo,Yoga 920-13IKB,2 in 1 Convertible,13.9,8,windows 10,1.37,1849.0,Full HD,1920,1080,Yes,Yes,No,Intel,1.8,Core i7 8550U,512,0,SSD,No,Intel,UHD Graphics 620,Ultra-Premium,1349.6350364963505,60.0,Think Different,1909.0
acer,Aspire 5,Notebook,17.3,4,windows 10,3.0,702.0,Full HD,1920,1080,No,Yes,No,Intel,2.7,Core i3 7130U,256,0,SSD,No,Nvidia,GeForce MX130,Mid-Range,234.0,55.0,Explore Beyond Limits,757.0
dell,Vostro 5370,Ultrabook,13.3,8,windows 10,1.41,949.0,Full HD,1920,1080,No,No,No,Intel,1.6,Core i5 8250U,256,0,SSD,No,Intel,UHD Graphics 620,Mid-Range,673.049645390071,50.0,Powerful and Reliable,999.0
hp,15-BW094nd (A6-9220/8GB/128GB/W10),Notebook,15.6,8,windows 10,1.91,445.9,Standard,1366,768,No,No,No,AMD,2.5,A6-Series A6-9220,128,0,SSD,No,AMD,Radeon R4 Graphics,Budget,233.45549738219896,150.0,Innovation at its Best,595.9
hp,Envy 17-U275cl,Notebook,17.3,16,windows 10,2.9,1059.0,Full HD,1920,1080,No,Yes,No,Intel,1.8,Core i7 8550U,1024,0,HDD,No,Nvidia,GeForce MX150,Premium,365.1724137931035,150.0,Innovation at its Best,1209.0
msi,GT73EVR 7RE,Gaming,17.3,16,windows 10,4.14,2499.0,Full HD,1920,1080,No,No,No,Intel,2.8,Core i7 7700HQ,512,1024,SSD,HDD,Nvidia,GeForce GTX 1070,Ultra-Premium,603.6231884057971,,,2499.0
lenovo,Yoga 720-15IKB,2 in 1 Convertible,15.6,8,windows 10,2.0,1699.0,Full HD,1920,1080,Yes,Yes,No,Intel,2.8,Core i7 7700HQ,512,0,SSD,No,Nvidia,GeForce GTX 1050M,Ultra-Premium,849.5,60.0,Think Different,1759.0
dell,Inspiron 5770,Notebook,17.3,8,windows 10,2.8,1142.0,Full HD,1920,1080,No,No,No,Intel,1.8,Core i7 8550U,128,1024,SSD,HDD,AMD,Radeon 530,Premium,407.8571428571429,50.0,Powerful and Reliable,1192.0
lenovo,IdeaPad 320-15ISK,Notebook,15.6,4,no os,2.2,444.0,Full HD,1920,1080,No,No,No,Intel,2.0,Core i3 6006U,256,0,SSD,No,Intel,HD Graphics 520,Budget,201.8181818181818,60.0,Think Different,504.0
hp,ProBook 450,Notebook,15.6,4,windows 10,2.1,722.0,Full HD,1920,1080,No,Yes,No,Intel,1.6,Core i5 8250U,500,0,HDD,No,Intel,HD Graphics 620,Mid-Range,343.8095238095238,150.0,Innovation at its Best,872.0
dell,Vostro 3568,Notebook,15.6,4,windows 10,2.18,657.0,Full HD,1920,1080,No,No,No,Intel,2.5,Core i5 7200U,1024,0,HDD,No,Intel,HD Graphics 620,Mid-Range,301.3761467889908,50.0,Powerful and Reliable,707.0
dell,Inspiron 3567,Notebook,15.6,8,windows 10,2.24,565.0,Full HD,1920,1080,No,No,No,Intel,2.5,Core i5 7200U,1024,0,HDD,No,AMD,Radeon R5 M430,Mid-Range,252.23214285714283,50.0,Powerful and Reliable,615.0
dell,Inspiron 5579,2 in 1 Convertible,15.6,8,windows 10,2.67,799.0,Full HD,1920,1080,Yes,No,No,Intel,1.6,Core i5 8250U,256,0,SSD,No,Intel,UHD Graphics 620,Mid-Range,299.250936329588,50.0,Powerful and Reliable,849.0
asus,ZenBook Flip,2 in 1 Convertible,13.3,8,windows 10,1.1,1499.0,Full HD,1920,1080,Yes,No,No,Intel,1.8,Core i7 8550U,512,512,SSD,SSD,Intel,UHD Graphics 620,Premium,1362.7272727272723,45.0,Inspiring Innovation,1544.0
lenovo,IdeaPad 320-15IKBN,Notebook,15.6,4,no os,2.2,467.0,Full HD,1920,1080,No,No,No,Intel,2.5,Core i5 7200U,1024,0,HDD,No,Intel,HD Graphics 620,Budget,212.27272727272725,60.0,Think Different,527.0
hp,Probook 470,Notebook,17.3,8,windows 10,2.5,1018.0,Full HD,1920,1080,No,No,No,Intel,1.8,Core i7 8550U,1024,0,HDD,No,Nvidia,GeForce 930MX ,Premium,407.2,150.0,Innovation at its Best,1168.0
lenovo,V330-15IKB (i7-8550U/8GB/256GB/FHD/W10),Notebook,15.6,8,windows 10,2.05,880.0,Full HD,1920,1080,No,No,No,Intel,1.8,Core i7 8550U,256,0,SSD,No,Intel,UHD Graphics 620,Mid-Range,429.26829268292687,60.0,Think Different,940.0
apple,MacBook Pro,Ultrabook,13.3,8,macos,1.37,1958.9,Standard,2560,1600,No,Yes,Yes,Intel,2.9,Core i5,512,0,SSD,No,Intel,Iris Graphics 550,Ultra-Premium,1429.85401459854,,,1958.9
asus,Rog Strix,Gaming,17.3,16,windows 10,3.2,1549.0,Full HD,1920,1080,No,No,No,AMD,3.0,Ryzen 1700,256,1024,SSD,HDD,AMD,Radeon RX 580,Ultra-Premium,484.0625,45.0,Inspiring Innovation,1594.0
dell,Inspiron 3576,Notebook,15.6,8,linux,2.14,735.07,Full HD,1920,1080,No,No,No,Intel,1.8,Core i7 8550U,256,0,SSD,No,AMD,Radeon 520,Mid-Range,343.4906542056075,50.0,Powerful and Reliable,785.07
lenovo,ThinkPad X1,2 in 1 Convertible,14.0,16,windows 10,1.36,2499.0,Standard,2560,1440,Yes,No,No,Intel,2.6,Core i7 6600U,512,0,SSD,No,Intel,HD Graphics 520,Ultra-Premium,1837.5,60.0,Think Different,2559.0
toshiba,Satellite Pro,Notebook,15.6,8,windows 10,2.2,812.0,Standard,1366,768,No,No,No,Intel,2.5,Core i7 6500U,500,0,HDD,No,Nvidia,GeForce 930M,Mid-Range,369.09090909090907,,,812.0
dell,Inspiron 5567,Notebook,15.6,12,windows 10,2.3,713.07,Standard,1366,768,No,No,No,Intel,2.7,Core i7 7500U,1024,0,HDD,No,Intel,HD Graphics 620,Mid-Range,310.0304347826087,50.0,Powerful and Reliable,763.07
dell,Inspiron 5770,Notebook,17.3,8,linux,2.8,1099.0,Full HD,1920,1080,No,No,No,Intel,1.8,Core i7 8550U,128,1024,SSD,HDD,AMD,Radeon 530,Premium,392.5,50.0,Powerful and Reliable,1149.0
acer,Aspire A515-51G,Notebook,15.6,8,windows 10,2.2,745.0,Full HD,1920,1080,No,Yes,No,Intel,1.8,Core i7 8550U,1024,0,HDD,No,Nvidia,GeForce MX130,Mid-Range,338.6363636363636,55.0,Explore Beyond Limits,800.0
lenovo,IdeaPad 320-17ISK,Notebook,17.3,4,windows 10,2.8,489.0,Standard,1600,900,No,No,No,Intel,2.0,Core i3 6006U,1024,0,HDD,No,Intel,HD Graphics 520,Budget,174.64285714285717,60.0,Think Different,549.0
lenovo,IdeaPad 320-17IKBR,Notebook,17.3,8,no os,2.8,849.0,Full HD,1920,1080,No,No,No,Intel,1.8,Core i7 8550U,2048,0,HDD,No,Nvidia,GeForce MX150,Mid-Range,303.2142857142857,60.0,Think Different,909.0
lenovo,IdeaPad 320-17IKB,Notebook,17.3,6,windows 10,2.8,859.0,Standard,1600,900,No,No,No,Intel,2.7,Core i7 7500U,128,1024,SSD,HDD,Nvidia,GeForce 940MX,Mid-Range,306.7857142857143,60.0,Think Different,919.0
dell,Inspiron 3567,Notebook,15.6,4,linux,2.25,428.0,Full HD,1920,1080,No,No,No,Intel,2.0,Core i3 6006U,1024,0,HDD,No,AMD,Radeon R5 M430,Budget,190.22222222222223,50.0,Powerful and Reliable,478.0
lenovo,Legion Y520-15IKBN,Gaming,15.6,8,windows 10,2.5,829.0,Full HD,1920,1080,No,Yes,No,Intel,2.5,Core i5 7300HQ,256,0,SSD,No,Nvidia,GeForce GTX 1050,Mid-Range,331.6,60.0,Think Different,889.0
lenovo,Ideapad 320-15IKBN,Notebook,15.6,6,windows 10,2.2,579.0,Full HD,1920,1080,No,No,No,Intel,2.5,Core i5 7200U,256,0,SSD,No,Intel,HD Graphics 620,Mid-Range,263.1818181818182,60.0,Think Different,639.0
acer,Aspire A517-51G,Notebook,15.6,8,windows 10,3.0,951.0,Full HD,1920,1080,No,Yes,No,Intel,1.8,Core i7 8550U,256,0,SSD,No,Nvidia,GeForce MX150,Mid-Range,317.0,55.0,Explore Beyond Limits,1006.0
acer,SP315-51 (i7-7500U/12GB/1TB/FHD/W10),Notebook,15.6,12,windows 10,2.15,659.0,Full HD,1920,1080,Yes,Yes,No,Intel,2.7,Core i7 7500U,1024,0,HDD,No,Intel,HD Graphics 620,Mid-Range,306.51162790697674,55.0,Explore Beyond Limits,714.0
lenovo,Thinkpad T570,Notebook,15.6,8,windows 10,1.95,1097.0,Full HD,1920,1080,No,Yes,No,Intel,2.7,Core i7 7500U,256,0,SSD,No,Intel,HD Graphics 630,Premium,562.5641025641025,60.0,Think Different,1157.0
asus,VivoBook S15,Ultrabook,15.6,8,windows 10,1.7,977.0,Full HD,1920,1080,No,No,No,Intel,2.5,Core i5 7200U,256,0,SSD,No,Nvidia,GeForce 940MX,Mid-Range,574.7058823529412,45.0,Inspiring Innovation,1022.0
lenovo,Legion Y520-15IKBN,Gaming,15.6,16,windows 10,2.5,1179.0,Full HD,1920,1080,No,Yes,No,Intel,2.8,Core i7 7700HQ,256,1024,SSD,HDD,Nvidia,GeForce GTX 1050 Ti,Premium,471.6,60.0,Think Different,1239.0
lenovo,IdeaPad 320-15IKB,Notebook,15.6,8,no os,2.2,659.01,Full HD,1920,1080,No,No,No,Intel,2.7,Core i7 7500U,1024,0,HDD,No,Nvidia,GeForce 940MX,Mid-Range,299.54999999999995,60.0,Think Different,719.01
acer,Chromebook C910-C2ST,Notebook,15.6,2,chrome os,2.19,199.0,Standard,1366,768,No,No,No,Intel,1.5,Celeron Dual Core 3205U,16,0,SSD,No,Intel,HD Graphics,Budget,90.8675799086758,55.0,Explore Beyond Limits,254.0
asus,FX753VD-GC071T (i7-7700HQ/8GB/1TB/GeForce,Gaming,17.3,8,windows 10,3.0,1187.0,Full HD,1920,1080,No,No,No,Intel,2.8,Core i7 7700HQ,1024,0,HDD,No,Nvidia,GeForce GTX 1050,Premium,395.6666666666667,45.0,Inspiring Innovation,1232.0
hp,17-BS037cl (i3-6006U/8GB/1TB/W10),Notebook,17.3,8,windows 10,2.54,489.0,Standard,1600,900,No,No,No,Intel,2.0,Core i3 6006U,1024,0,HDD,No,Intel,HD Graphics 520,Budget,192.51968503937007,150.0,Innovation at its Best,639.0
dell,XPS 15,Notebook,15.6,8,windows 10,2.0,1829.0,Full HD,1920,1080,No,No,No,Intel,2.8,Core i7 7700HQ,256,0,SSD,No,Nvidia,GeForce GTX 1050,Ultra-Premium,914.5,50.0,Powerful and Reliable,1879.0
lenovo,V330-15IKB (i5-8250U/8GB/256GB/FHD/W10),Notebook,15.6,8,windows 10,2.05,739.0,Full HD,1920,1080,No,No,No,Intel,1.6,Core i5 8250U,256,0,SSD,No,Intel,UHD Graphics 620,Mid-Range,360.4878048780488,60.0,Think Different,799.0
lenovo,Legion Y720-15IKB,Gaming,15.6,8,windows 10,3.2,1299.0,Full HD,1920,1080,No,Yes,No,Intel,2.8,Core i7 7700HQ,1024,0,HDD,No,Nvidia,GeForce GTX 1060,Premium,405.9375,60.0,Think Different,1359.0
acer,Aspire A715-71G,Notebook,15.6,8,linux,2.5,979.0,Full HD,1920,1080,No,No,No,Intel,2.8,Core i7 7700HQ,256,0,SSD,No,Nvidia,GeForce GTX 1050 Ti,Mid-Range,391.6,55.0,Explore Beyond Limits,1034.0
dell,Precision 7720,Workstation,17.3,16,windows 10,3.42,2884.86,Full HD,1920,1080,No,No,No,Intel,2.9,Core i7 7820HQ,256,0,SSD,No,Nvidia,Quadro M1200,Ultra-Premium,843.5263157894738,50.0,Powerful and Reliable,2934.86
lenovo,IdeaPad 310-15ABR,Notebook,15.6,6,windows 10,2.4,499.0,Full HD,1920,1080,No,No,No,AMD,2.4,A10-Series 9600P,1024,0,HDD,No,AMD,Radeon R5 430,Budget,207.91666666666669,60.0,Think Different,559.0
asus,ZenBook UX530UQ-PRO,Ultrabook,15.6,16,windows 10,1.63,1468.0,Full HD,1920,1080,No,No,No,Intel,2.7,Core i7 7500U,512,0,SSD,No,Nvidia,GeForce 940MX,Premium,900.6134969325154,45.0,Inspiring Innovation,1513.0
asus,VivoBook S14,Notebook,14.0,4,windows 10,1.3,509.0,Standard,1366,768,No,No,No,Intel,2.4,Core i3 7100U,128,0,SSD,No,Intel,HD Graphics 620,Mid-Range,391.5384615384616,45.0,Inspiring Innovation,554.0
asus,Rog GL702VS-GC095T,Gaming,17.3,16,windows 10,2.9,2122.0,Full HD,1920,1080,No,No,No,Intel,2.8,Core i7 7700HQ,256,1024,SSD,HDD,Nvidia,GeForce GTX 1070,Ultra-Premium,731.7241379310345,45.0,Inspiring Innovation,2167.0
lenovo,IdeaPad 320-17IKB,Notebook,17.3,6,windows 10,2.8,649.0,Standard,1600,900,No,No,No,Intel,2.5,Core i5 7200U,1024,0,HDD,No,Nvidia,GeForce GTX 940M,Mid-Range,231.7857142857143,60.0,Think Different,709.0
lenovo,IdeaPad 320-15IKBN,Notebook,15.6,8,no os,2.2,549.0,Standard,1366,768,No,No,No,Intel,2.5,Core i5 7200U,2048,0,HDD,No,Nvidia,GeForce 940MX,Mid-Range,249.54545454545453,60.0,Think Different,609.0
asus,GL553VE-FY082T (i7-7700HQ/8GB/1TB,Gaming,15.6,8,windows 10,2.5,1265.0,Full HD,1920,1080,No,No,No,Intel,2.8,Core i7 7700HQ,128,1024,SSD,HDD,Nvidia,GeForce GTX 1050 Ti,Premium,506.0,45.0,Inspiring Innovation,1310.0
lenovo,IdeaPad 320-15IAP,Notebook,15.6,4,no os,2.2,359.99,Standard,1366,768,No,No,No,Intel,1.1,Pentium Quad Core N4200,1024,0,HDD,No,Intel,HD Graphics 505,Budget,163.63181818181818,60.0,Think Different,419.99
hp,EliteBook x360,2 in 1 Convertible,13.3,16,windows 10,1.28,1975.0,Full HD,1920,1080,Yes,No,No,Intel,2.8,Core i7 7600U,256,0,SSD,No,Intel,HD Graphics 620,Ultra-Premium,1542.96875,150.0,Innovation at its Best,2125.0
toshiba,Satellite Pro,Notebook,15.6,8,windows 10,2.2,1043.0,Full HD,1920,1080,No,Yes,No,Intel,2.5,Core i7 6500U,256,0,SSD,No,Nvidia,GeForce 930M,Premium,474.09090909090907,,,1043.0
lenovo,IdeaPad 320-15IKB,Notebook,15.6,8,windows 10,2.3,819.0,Full HD,1920,1080,No,No,No,Intel,2.5,Core i5 7200U,128,1024,SSD,HDD,Nvidia,GeForce 940MX,Mid-Range,356.0869565217392,60.0,Think Different,879.0
hp,250 G6,Notebook,15.6,4,windows 10,1.86,469.0,Full HD,1920,1080,No,No,No,Intel,2.0,Core i3 6006U,1024,0,HDD,No,Intel,HD Graphics 520,Budget,252.15053763440855,150.0,Innovation at its Best,619.0
lenovo,IdeaPad 720S-13IKB,Notebook,13.3,8,windows 10,1.1,999.0,Full HD,1920,1080,No,Yes,No,Intel,2.5,Core i5 7200U,256,0,SSD,No,Intel,HD Graphics 620,Mid-Range,908.181818181818,60.0,Think Different,1059.0
dell,XPS 13,Ultrabook,13.3,16,windows 10,1.21,2499.0,4K Ultra HD,3840,2160,Yes,Yes,No,Intel,1.8,Core i7 8550U,1024,0,SSD,No,Intel,UHD Graphics 620,Ultra-Premium,2065.289256198347,50.0,Powerful and Reliable,2549.0
msi,GE63VR 7RF,Gaming,15.6,16,windows 10,2.8,2099.0,Full HD,1920,1080,No,Yes,No,Intel,2.8,Core i7 7700HQ,256,1024,SSD,HDD,Nvidia,GeForce GTX 1070,Ultra-Premium,749.6428571428572,,,2099.0
acer,ES1-523-84K7 (A8-7410/8GB/256GB/FHD/W10),Notebook,15.6,8,windows 10,2.23,469.0,Full HD,1920,1080,No,No,No,AMD,2.2,A8-Series 7410,256,0,SSD,No,AMD,Radeon R5,Budget,210.31390134529147,55.0,Explore Beyond Limits,524.0
asus,VivoBook Flip,2 in 1 Convertible,11.6,2,windows 10,1.1,275.0,Standard,1366,768,Yes,No,No,Intel,1.1,Celeron Dual Core N3350,32,0,Flash Storage,No,Intel,HD Graphics 500,Budget,250.0,45.0,Inspiring Innovation,320.0
dell,Inspiron 5570,Notebook,15.6,8,windows 10,2.33,844.0,Full HD,1920,1080,No,No,No,Intel,1.6,Core i5 8250U,128,1024,SSD,HDD,AMD,Radeon 530,Mid-Range,362.23175965665234,50.0,Powerful and Reliable,894.0
hp,Spectre x360,2 in 1 Convertible,13.3,16,windows 10,1.29,2449.0,4K Ultra HD,3840,2160,Yes,Yes,No,Intel,1.8,Core i7 8550U,1024,0,SSD,No,Intel,UHD Graphics 620,Ultra-Premium,1898.449612403101,150.0,Innovation at its Best,2599.0
lenovo,ThinkPad 13,Notebook,13.3,4,chrome os,1.45,459.9,Standard,1366,768,No,No,No,Intel,1.6,Celeron Dual Core 3855U,16,0,Flash Storage,No,Intel,HD Graphics 510,Budget,317.17241379310343,60.0,Think Different,519.9
hp,ProBook 640,Notebook,14.0,8,windows 10,1.95,980.0,Full HD,1920,1080,No,No,No,Intel,2.5,Core i5 7200U,256,0,SSD,No,Intel,HD Graphics 620,Mid-Range,502.5641025641026,150.0,Innovation at its Best,1130.0
acer,TravelMate B,Notebook,11.6,4,windows 10,1.4,485.0,Standard,1366,768,No,No,No,Intel,1.6,Pentium Quad Core N3710,128,0,Flash Storage,No,Intel,HD Graphics 405,Budget,346.42857142857144,55.0,Explore Beyond Limits,540.0
hp,Elitebook 840,Notebook,14.0,8,windows 10,1.48,1292.0,Full HD,1920,1080,No,No,No,Intel,2.7,Core i7 7500U,256,0,SSD,No,Intel,HD Graphics 620,Premium,872.972972972973,150.0,Innovation at its Best,1442.0
lenovo,IdeaPad 320-17IKB,Notebook,17.3,4,windows 10,2.79,589.0,Standard,1600,900,No,No,No,Intel,2.5,Core i5 7200U,1024,0,HDD,No,Nvidia,GeForce 920MX,Mid-Range,211.11111111111111,60.0,Think Different,649.0
asus,ZenBook UX410UA-GV183T,Notebook,14.0,8,windows 10,2.0,1094.0,Full HD,1920,1080,No,No,No,Intel,2.7,Core i7 7500U,256,0,SSD,No,Intel,HD Graphics 620,Premium,547.0,45.0,Inspiring Innovation,1139.0
hp,ProBook 450,Notebook,15.6,8,windows 10,2.1,902.0,Full HD,1366,768,No,Yes,No,Intel,1.8,Core i7 8550U,1024,0,HDD,No,Intel,UHD Graphics 620,Mid-Range,429.5238095238095,150.0,Innovation at its Best,1052.0
acer,Aspire 5,Notebook,15.6,8,windows 10,2.2,659.0,Standard,1366,768,No,No,No,AMD,2.7,A12-Series 9720P,256,0,SSD,No,AMD,Radeon RX 540,Mid-Range,299.5454545454545,55.0,Explore Beyond Limits,714.0
lenovo,IdeaPad 120S-14IAP,Notebook,14.0,4,windows 10,1.44,292.0,Standard,1366,768,No,No,No,Intel,1.1,Celeron Dual Core N3350,32,0,Flash Storage,No,Intel,HD Graphics 500,Budget,202.77777777777777,60.0,Think Different,352.0
acer,Aspire E5-575,Notebook,15.6,6,windows 10,2.23,549.0,Standard,1366,768,No,No,No,Intel,2.5,Core i5 7200U,1024,0,HDD,No,Intel,HD Graphics 620,Mid-Range,246.18834080717488,55.0,Explore Beyond Limits,604.0
asus,VivoBook S15,Ultrabook,15.6,8,windows 10,1.7,1049.9,Full HD,1920,1080,No,No,No,Intel,2.7,Core i7 7500U,256,0,SSD,No,Nvidia,GeForce 940MX,Premium,617.5882352941177,45.0,Inspiring Innovation,1094.9
hp,Elitebook 820,Ultrabook,12.5,8,windows 10,1.26,1335.0,Full HD,1920,1080,No,No,No,Intel,2.7,Core i7 7500U,256,0,SSD,No,Intel,HD Graphics 620,Premium,1059.5238095238094,150.0,Innovation at its Best,1485.0
dell,XPS 15,Notebook,15.6,32,windows 10,2.06,2639.0,4K Ultra HD,3840,2160,Yes,No,No,Intel,2.8,Core i7 7700HQ,1024,0,SSD,No,Nvidia,GeForce GTX 1050,Ultra-Premium,1281.0679611650485,50.0,Powerful and Reliable,2689.0
msi,GL72M 7REX,Gaming,17.3,8,windows 10,2.7,1199.0,Full HD,1920,1080,No,No,No,Intel,2.8,Core i7 7700HQ,256,1024,SSD,HDD,Nvidia,GeForce GTX 1050 Ti,Premium,444.074074074074,,,1199.0
toshiba,Satellite Pro,Notebook,15.6,8,windows 10,2.0,943.0,Full HD,1920,1080,No,Yes,No,Intel,2.5,Core i5 7200U,256,0,SSD,No,Intel,HD Graphics 620,Mid-Range,471.5,,,943.0
asus,UX510UX-CN269T (i7-7500U/8GB/256GB,Notebook,14.0,8,windows 10,2.0,1334.0,Full HD,1920,1080,No,No,No,Intel,2.7,Core i7 7500U,256,1024,SSD,HDD,Intel,HD Graphics 620,Premium,667.0,45.0,Inspiring Innovation,1379.0
lenovo,V310-15ISK (i3-6006U/4GB/1TB/FHD/W10),Notebook,15.6,4,windows 10,1.85,449.0,Full HD,1920,1080,No,No,No,Intel,2.0,Core i3 6006U,1024,0,HDD,No,Intel,HD Graphics 520,Budget,242.70270270270268,60.0,Think Different,509.0
asus,FX553VD-FY647T (i7-7700HQ/8GB/256GB/GeForce,Gaming,15.6,8,windows 10,2.5,999.0,Full HD,1920,1080,No,No,No,Intel,2.8,Core i7 7700HQ,256,0,SSD,No,Nvidia,GeForce GTX 1050,Mid-Range,399.6,45.0,Inspiring Innovation,1044.0
hp,EliteBook 840,Notebook,14.0,8,windows 10,1.48,1268.0,Full HD,1920,1080,No,No,No,Intel,2.6,Core i5 7300U,256,0,SSD,No,Intel,HD Graphics 620,Premium,856.7567567567568,150.0,Innovation at its Best,1418.0
dell,Inspiron 7570,Ultrabook,15.6,8,windows 10,1.9,1049.0,Full HD,1920,1080,No,Yes,No,Intel,1.6,Core i5 8250U,128,1024,SSD,HDD,Nvidia,GeForce 940MX,Premium,552.1052631578948,50.0,Powerful and Reliable,1099.0
hp,Elitebook 850,Notebook,15.6,8,windows 10,1.84,1144.0,Full HD,1920,1080,No,No,No,Intel,2.5,Core i5 7200U,256,0,SSD,No,Intel,HD Graphics 620,Premium,621.7391304347826,150.0,Innovation at its Best,1294.0
asus,X541NA (N3350/4GB/1TB/Linux),Notebook,15.6,4,linux,2.0,274.99,Standard,1366,768,No,No,No,Intel,1.1,Celeron Dual Core N3350,1024,0,HDD,No,Intel,HD Graphics 500,Budget,137.495,45.0,Inspiring Innovation,319.99
dell,Inspiron 7570,Notebook,15.6,8,windows 10,2.0,1142.75,Full HD,1920,1080,No,No,No,Intel,1.6,Core i5 8250U,256,0,SSD,No,Nvidia,GeForce 940MX,Premium,571.375,50.0,Powerful and Reliable,1192.75
dell,Inspiron 3552,Notebook,15.6,4,linux,2.2,274.9,Standard,1366,768,No,No,No,Intel,1.6,Celeron Dual Core N3060,500,0,HDD,No,Intel,HD Graphics,Budget,124.95454545454544,50.0,Powerful and Reliable,324.9
lenovo,IdeaPad 320-15ABR,Notebook,15.6,12,windows 10,2.2,899.0,Full HD,1920,1080,No,No,No,AMD,3.6,A12-Series 9720P,2048,0,HDD,No,AMD,Radeon 530,Mid-Range,408.6363636363636,60.0,Think Different,959.0
hp,ProBook 450,Notebook,15.6,8,windows 10,2.1,716.0,Full HD,1920,1080,No,Yes,No,Intel,2.4,Core i3 7100U,1024,0,HDD,No,Nvidia,GeForce 930MX ,Mid-Range,340.95238095238096,150.0,Innovation at its Best,866.0
lenovo,Yoga 920-13IKB,2 in 1 Convertible,13.9,16,windows 10,1.4,2099.0,4K Ultra HD,3840,2160,Yes,Yes,No,Intel,1.8,Core i7 8550U,512,0,SSD,No,Intel,UHD Graphics 620,Ultra-Premium,1499.2857142857144,60.0,Think Different,2159.0
dell,XPS 13,Ultrabook,13.3,8,windows 10,1.2,1579.0,Full HD,1920,1080,No,No,No,Intel,1.8,Core i7 8550U,256,0,SSD,No,Intel,UHD Graphics 620,Ultra-Premium,1315.8333333333337,50.0,Powerful and Reliable,1629.0
lenovo,Legion Y520-15IKBN,Gaming,15.6,16,windows 10,2.4,1129.0,Full HD,1920,1080,No,Yes,No,Intel,2.8,Core i7 7700HQ,256,2048,SSD,HDD,Nvidia,GeForce GTX 1050 Ti,Premium,470.4166666666667,60.0,Think Different,1189.0
hp,Stream 14-AX001nv,Notebook,14.0,2,windows 10,1.44,279.0,Standard,1366,768,No,No,No,Intel,1.6,Celeron Dual Core N3060,32,0,Flash Storage,No,Intel,HD Graphics 400,Budget,193.75,150.0,Innovation at its Best,429.0
dell,Latitude 5590,Ultrabook,15.6,16,windows 10,1.88,1607.96,Full HD,1920,1080,No,No,No,Intel,1.9,Core i7 8650U,512,256,SSD,SSD,Intel,UHD Graphics 620,Ultra-Premium,855.2978723404256,50.0,Powerful and Reliable,1657.96
asus,VivoBook Flip,2 in 1 Convertible,11.6,4,windows 10,1.5,375.0,Standard,1366,768,Yes,No,No,Intel,1.1,Celeron Dual Core N3350,32,0,Flash Storage,No,Intel,HD Graphics 500,Budget,250.0,45.0,Inspiring Innovation,420.0
dell,Inspiron 5570,Ultrabook,15.6,8,windows 10,1.9,663.0,Full HD,1920,1080,No,No,No,Intel,1.6,Core i5 8250U,1024,0,HDD,No,AMD,Radeon 530,Mid-Range,348.94736842105266,50.0,Powerful and Reliable,713.0
dell,XPS 15,Notebook,15.6,16,windows 10,2.06,2027.42,4K Ultra HD,3840,2160,Yes,No,No,Intel,2.8,Core i7 7700HQ,512,0,SSD,No,Nvidia,GeForce GTX 1050,Ultra-Premium,984.1844660194176,50.0,Powerful and Reliable,2077.42
hp,Elitebook 850,Notebook,15.6,8,windows 10,1.84,1304.0,Full HD,1920,1080,No,No,No,Intel,2.7,Core i7 7500U,256,0,SSD,No,Intel,HD Graphics 620,Premium,708.695652173913,150.0,Innovation at its Best,1454.0
msi,GP72MVR 7RFX,Gaming,17.3,8,windows 10,2.7,1409.0,Full HD,1920,1080,No,No,No,Intel,2.8,Core i7 7700HQ,128,1024,SSD,HDD,Nvidia,GeForce GTX 1060,Premium,521.8518518518518,,,1409.0
hp,Zbook 15,Workstation,15.6,8,windows 10,2.6,1738.27,Full HD,1920,1080,No,No,No,Intel,2.8,Core i7 7700HQ,256,0,SSD,No,Nvidia,Quadro M1200,Ultra-Premium,668.5653846153846,150.0,Innovation at its Best,1888.27
toshiba,Tecra A50-C-21G,Notebook,15.6,16,windows 10,2.4,1403.0,Full HD,1920,1080,No,Yes,No,Intel,2.5,Core i7 6500U,512,0,SSD,No,Nvidia,GeForce 930M,Premium,584.5833333333334,,,1403.0
dell,Inspiron 5570,Notebook,15.6,8,windows 10,2.02,970.9,Full HD,1920,1080,No,No,No,Intel,1.8,Core i7 8550U,128,2048,SSD,HDD,AMD,Radeon 530,Mid-Range,480.6435643564356,50.0,Powerful and Reliable,1020.9
lenovo,IdeaPad 320-15IAP,Notebook,15.6,4,no os,2.2,321.99,Standard,1366,768,No,No,No,Intel,1.1,Celeron Dual Core N3350,1024,0,HDD,No,Intel,HD Graphics 500,Budget,146.3590909090909,60.0,Think Different,381.99
dell,Inspiron 7577,Gaming,15.6,8,windows 10,2.65,999.0,Full HD,1920,1080,No,No,No,Intel,2.5,Core i5 7300HQ,1024,0,HDD,No,Nvidia,GeForce GTX 1050,Mid-Range,376.9811320754717,50.0,Powerful and Reliable,1049.0
dell,Inspiron 3567,Notebook,15.6,8,windows 10,2.36,557.37,Standard,1366,768,Yes,No,No,Intel,2.5,Core i5 7200U,2048,0,HDD,No,Intel,HD Graphics 620,Mid-Range,236.1737288135593,50.0,Powerful and Reliable,607.37
dell,Latitude 7480,Notebook,14.0,8,windows 10,1.36,1427.0,Full HD,1920,1080,No,No,No,Intel,2.6,Core i5 7300U,256,0,SSD,No,Intel,HD Graphics 620,Premium,1049.264705882353,50.0,Powerful and Reliable,1477.0
hp,250 G6,Notebook,15.6,4,windows 10,1.86,439.0,Standard,1366,768,No,No,No,Intel,2.0,Core i3 6006U,500,0,HDD,No,Intel,HD Graphics 520,Budget,236.02150537634407,150.0,Innovation at its Best,589.0
asus,Zenbook UX410UA-GV027T,Notebook,14.0,8,windows 10,2.0,945.0,Full HD,1920,1080,No,No,No,Intel,2.5,Core i5 7200U,256,0,SSD,No,Intel,HD Graphics 620,Mid-Range,472.5,45.0,Inspiring Innovation,990.0
lenovo,IdeaPad 320-17IKB,Notebook,17.3,6,windows 10,2.8,719.0,Standard,1600,900,No,No,No,Intel,2.5,Core i5 7200U,128,1024,SSD,HDD,Nvidia,GeForce GTX 940MX,Mid-Range,256.7857142857143,60.0,Think Different,779.0
hp,250 G6,Notebook,15.6,8,windows 10,1.86,639.0,Full HD,1920,1080,No,No,No,Intel,2.5,Core i5 7200U,1024,0,HDD,No,Intel,HD Graphics 620,Mid-Range,343.5483870967741,150.0,Innovation at its Best,789.0
lenovo,IdeaPad 320-15ISK,Notebook,15.6,8,no os,2.2,499.0,Standard,1366,768,No,No,No,Intel,2.0,Core i3 6006U,256,0,SSD,No,Nvidia,GeForce 920MX ,Budget,226.8181818181818,60.0,Think Different,559.0
hp,15-AY023na (N3710/8GB/2TB/W10),Notebook,15.6,8,windows 10,2.04,389.0,Standard,1366,768,No,No,No,Intel,1.6,Pentium Quad Core N3710,2048,0,HDD,No,Intel,HD Graphics 405,Budget,190.68627450980392,150.0,Innovation at its Best,539.0
dell,Inspiron 5770,Notebook,17.3,8,windows 10,2.8,1085.0,Full HD,1920,1080,No,No,No,Intel,1.6,Core i5 8250U,128,1024,SSD,HDD,AMD,Radeon 530,Premium,387.5,50.0,Powerful and Reliable,1135.0
lenovo,Legion Y520-15IKBN,Gaming,15.6,8,no os,2.4,809.0,Full HD,1920,1080,No,Yes,No,Intel,2.5,Core i5 7300HQ,128,1024,SSD,HDD,Nvidia,GeForce GTX 1050,Mid-Range,337.08333333333337,60.0,Think Different,869.0
dell,Inspiron 5567,Notebook,15.6,8,windows 10,2.33,899.0,Full HD,1920,1080,No,No,No,Intel,2.7,Core i7 7500U,256,0,SSD,No,AMD,Radeon R7 M445,Mid-Range,385.83690987124464,50.0,Powerful and Reliable,949.0
hp,Elitebook 1040,Ultrabook,14.0,8,windows 10,1.36,1750.0,Full HD,1920,1080,No,Yes,No,Intel,2.7,Core i7 7500U,256,0,SSD,No,Intel,HD Graphics 620,Ultra-Premium,1286.764705882353,150.0,Innovation at its Best,1900.0
asus,ZenBook Flip,2 in 1 Convertible,15.6,12,windows 10,2.26,1099.0,Full HD,1920,1080,Yes,No,No,Intel,2.7,Core i7 7500U,512,2048,SSD,HDD,Nvidia,GeForce GT 940MX,Premium,486.283185840708,45.0,Inspiring Innovation,1144.0
acer,Aspire 3,Notebook,15.6,4,windows 10,2.1,426.0,Standard,1366,768,No,No,No,AMD,3.0,A9-Series 9420,128,0,SSD,No,AMD,Radeon R5,Budget,202.8571428571429,55.0,Explore Beyond Limits,481.0
asus,Rog Strix,Gaming,17.3,16,windows 10,3.25,2199.0,Full HD,1920,1080,No,Yes,No,AMD,3.0,Ryzen 1700,256,1024,SSD,HDD,AMD,Radeon RX 580,Ultra-Premium,676.6153846153846,45.0,Inspiring Innovation,2244.0
lenovo,IdeaPad 110-17ACL,Notebook,17.3,4,windows 10,2.6,489.0,Standard,1600,900,No,No,No,AMD,2.2,A8-Series 7410,128,0,SSD,No,AMD,Radeon R5,Budget,188.07692307692307,60.0,Think Different,549.0
dell,Inspiron 5379,2 in 1 Convertible,13.3,8,windows 10,1.62,869.01,Full HD,1920,1080,Yes,No,No,Intel,1.8,Core i7 8550U,256,0,SSD,No,Intel,UHD Graphics 620,Mid-Range,536.4259259259259,50.0,Powerful and Reliable,919.01
hp,15-bw003nv (A9-Series-9420/4GB/256GB/FHD/W10),Notebook,15.6,4,windows 10,1.91,488.99,Full HD,1920,1080,No,No,No,AMD,3.0,A9-Series 9420,256,0,SSD,No,AMD,Radeon R5,Budget,256.0157068062828,150.0,Innovation at its Best,638.99
lenovo,Yoga 11e,Netbook,11.6,4,windows 10,1.59,553.0,Standard,1366,768,No,Yes,No,Intel,1.1,Celeron Quad Core N3450,128,0,SSD,No,Intel,HD Graphics 500,Mid-Range,347.7987421383648,60.0,Think Different,613.0
dell,Inspiron 3552,Notebook,15.6,4,windows 10,1.8,309.0,Standard,1366,768,No,No,No,Intel,1.6,Celeron Dual Core N3060,500,0,HDD,No,Intel,HD Graphics 400,Budget,171.66666666666666,50.0,Powerful and Reliable,359.0
asus,VivoBook E403NA,Notebook,14.0,4,windows 10,1.5,286.0,Standard,1366,768,No,No,No,Intel,1.1,Celeron Dual Core N3350,32,0,Flash Storage,No,Intel,HD Graphics 500,Budget,190.66666666666663,45.0,Inspiring Innovation,331.0
acer,Aspire 7,Notebook,15.6,8,linux,2.4,846.0,Full HD,1920,1080,No,No,No,Intel,2.8,Core i7 7700HQ,1024,0,HDD,No,Nvidia,GeForce GTX 1050,Mid-Range,352.5,55.0,Explore Beyond Limits,901.0
hp,Omen 17-w212nv,Gaming,17.3,8,windows 10,3.35,1191.0,Full HD,1920,1080,No,Yes,No,Intel,2.8,Core i7 7700HQ,128,1024,SSD,HDD,Nvidia,GeForce GTX 1050,Premium,355.5223880597015,150.0,Innovation at its Best,1341.0
lenovo,V310-15ISK (i3-6006U/4GB/128GB/FHD/No,Notebook,15.6,4,no os,1.85,403.5,Full HD,1920,1080,No,No,No,Intel,2.0,Core i3 6006U,128,0,SSD,No,Intel,HD Graphics 520,Budget,218.1081081081081,60.0,Think Different,463.5
asus,ROG Strix,Gaming,15.6,8,windows 10,2.3,1655.0,Full HD,1920,1080,No,Yes,No,Intel,2.8,Core i7 7700HQ,128,1024,SSD,HDD,Nvidia,GeForce GTX 1060,Ultra-Premium,719.5652173913044,45.0,Inspiring Innovation,1700.0
lenovo,IdeaPad 720S-14IKB,Notebook,14.0,8,windows 10,1.5,1099.0,Full HD,1920,1080,No,Yes,No,Intel,2.5,Core i5 7200U,256,0,SSD,No,Nvidia,GeForce 940MX,Premium,732.6666666666666,60.0,Think Different,1159.0
asus,Zenbook Flip,Ultrabook,13.3,16,windows 10,1.1,1748.9,Full HD,1920,1080,Yes,No,No,Intel,2.7,Core i7 7500U,512,0,SSD,No,Intel,HD Graphics 620,Ultra-Premium,1589.9090909090908,45.0,Inspiring Innovation,1793.9
lenovo,Thinkpad X1,Ultrabook,14.0,8,windows 10,1.13,2282.0,Standard,2560,1440,No,Yes,No,Intel,2.7,Core i7 7500U,512,0,SSD,No,Intel,HD Graphics 620,Ultra-Premium,2019.469026548673,60.0,Think Different,2342.0
lenovo,Ideapad 510S-13IKB,Notebook,13.3,4,windows 10,1.5,549.0,Full HD,1920,1080,No,Yes,No,Intel,2.4,Core i3 7100U,128,0,SSD,No,Intel,HD Graphics 620,Mid-Range,366.0,60.0,Think Different,609.0
dell,Precision 3510,Workstation,15.6,8,windows 10,2.23,1369.0,Full HD,1920,1080,No,No,No,Intel,2.6,Core i5 6440HQ,500,0,HDD,No,AMD,FirePro W5130M,Premium,613.9013452914799,50.0,Powerful and Reliable,1419.0
dell,Precision 5520,Workstation,15.6,8,windows 10,2.0,2135.0,Full HD,1920,1080,No,Yes,No,Intel,2.7,Core i7 6820HQ,256,0,SSD,No,Nvidia,Quadro M1200,Ultra-Premium,1067.5,50.0,Powerful and Reliable,2185.0
lenovo,ThinkPad X1,2 in 1 Convertible,14.0,16,windows 10,1.42,2509.0,Standard,2560,1440,Yes,No,No,Intel,2.7,Core i7 7500U,512,0,SSD,No,Intel,HD Graphics 620,Ultra-Premium,1766.9014084507044,60.0,Think Different,2569.0
asus,Rog GL753VD-GC042T,Gaming,17.3,8,windows 10,3.0,1039.0,Full HD,1920,1080,No,No,No,Intel,2.8,Core i7 7700HQ,1024,0,HDD,No,Nvidia,GeForce GTX 1050,Premium,346.3333333333333,45.0,Inspiring Innovation,1084.0
asus,Rog GL753VE-GC070T,Gaming,17.3,16,windows 10,3.0,1591.0,Full HD,1920,1080,No,No,No,Intel,2.8,Core i7 7700HQ,256,1024,SSD,HDD,Nvidia,GeForce GTX 1050 Ti,Ultra-Premium,530.3333333333334,45.0,Inspiring Innovation,1636.0
acer,Aspire 5,Notebook,15.6,12,windows 10,2.2,693.99,Standard,1366,768,No,Yes,No,Intel,1.6,Core i5 8250U,1024,0,HDD,No,Nvidia,GeForce MX130,Mid-Range,315.45,55.0,Explore Beyond Limits,748.99
msi,Leopard GP72M,Gaming,17.3,8,windows 10,2.7,1349.0,Full HD,1920,1080,No,No,No,Intel,2.8,Core i7 7700HQ,256,0,SSD,No,Nvidia,GeForce GTX 1050 Ti,Premium,499.6296296296296,,,1349.0
dell,Inspiron 5567,Notebook,15.6,8,linux,2.33,778.87,Full HD,1920,1080,No,No,No,Intel,2.7,Core i7 7500U,256,0,SSD,No,AMD,Radeon R7 M445,Mid-Range,334.2789699570816,50.0,Powerful and Reliable,828.87
hp,15-BW004nv (A9-9420/4GB/256GB/Radeon,Ultrabook,15.6,4,windows 10,1.91,499.0,Full HD,1920,1080,No,No,No,AMD,3.0,A9-Series 9420,256,0,SSD,No,AMD,Radeon 520,Budget,261.2565445026178,150.0,Innovation at its Best,649.0
lenovo,ThinkPad E580,Notebook,15.6,8,windows 10,2.1,1229.56,Full HD,1920,1080,No,Yes,No,Intel,1.8,Core i7 8550U,256,0,SSD,No,AMD,Radeon RX 550,Premium,585.5047619047618,60.0,Think Different,1289.56
lenovo,ThinkPad L470,Notebook,14.0,8,windows 10,1.9,938.0,Full HD,1920,1080,No,Yes,No,Intel,2.5,Core i5 7200U,256,0,SSD,No,Intel,HD Graphics 620,Mid-Range,493.68421052631584,60.0,Think Different,998.0
dell,Precision M5520,Workstation,15.6,8,windows 10,1.78,2712.0,4K Ultra HD,3840,2160,Yes,No,No,Intel,2.8,Core i7 7700HQ,256,0,SSD,No,Nvidia,Quadro M1200,Ultra-Premium,1523.5955056179776,50.0,Powerful and Reliable,2762.0
lenovo,Thinkpad X1,Ultrabook,14.0,16,windows 10,1.13,2625.0,Standard,2560,1440,No,Yes,No,Intel,2.7,Core i7 7500U,1024,0,SSD,No,Intel,HD Graphics 620,Ultra-Premium,2323.0088495575224,60.0,Think Different,2685.0
lenovo,IdeaPad 320-15IAP,Notebook,15.6,4,windows 10,2.2,306.0,Standard,1366,768,No,No,No,Intel,1.1,Celeron Dual Core N3350,1024,0,HDD,No,Intel,HD Graphics 500,Budget,139.0909090909091,60.0,Think Different,366.0
asus,FX753VD-GC461T (i7-7700HQ/16GB/1TB,Gaming,17.3,16,windows 10,2.9,1529.0,Full HD,1920,1080,No,No,No,Intel,2.8,Core i7 7700HQ,256,1024,SSD,HDD,Nvidia,GeForce GTX 1050,Ultra-Premium,527.2413793103449,45.0,Inspiring Innovation,1574.0
lenovo,ThinkPad E580,Notebook,15.6,8,windows 10,2.1,1144.5,Full HD,1920,1080,No,Yes,No,Intel,1.6,Core i5 8250U,256,1024,SSD,HDD,AMD,Radeon RX 550,Premium,545.0,60.0,Think Different,1204.5
acer,Aspire 7,Notebook,15.6,8,linux,2.5,879.0,Full HD,1920,1080,No,No,No,Intel,2.8,Core i7 7700HQ,256,0,SSD,No,Nvidia,GeForce GTX 1050,Mid-Range,351.6,55.0,Explore Beyond Limits,934.0
msi,GE73VR 7RF,Gaming,17.3,16,windows 10,2.8,2249.0,Full HD,1920,1080,No,No,No,Intel,2.8,Core i7 7700HQ,256,1024,SSD,HDD,Nvidia,GeForce GTX 1070,Ultra-Premium,803.2142857142858,,,2249.0
asus,Zenbook 3,Ultrabook,14.0,8,windows 10,1.1,1873.0,Full HD,1920,1080,No,No,No,Intel,2.7,Core i7 7500U,512,0,SSD,No,Intel,HD Graphics 620,Ultra-Premium,1702.7272727272723,45.0,Inspiring Innovation,1918.0
toshiba,Portege Z30-C-16P,Ultrabook,13.3,16,windows 10,1.2,1747.0,Full HD,1920,1080,No,No,No,Intel,2.5,Core i7 6500U,512,0,SSD,No,Intel,HD Graphics 520,Ultra-Premium,1455.8333333333337,,,1747.0
dell,Latitude 7480,Ultrabook,14.0,8,windows 10,1.36,1680.0,Full HD,1920,1080,No,No,No,Intel,2.8,Core i7 7600U,512,0,SSD,No,Intel,HD Graphics,Ultra-Premium,1235.2941176470588,50.0,Powerful and Reliable,1730.0
lenovo,IdeaPad 320-15ISK,Notebook,15.6,4,windows 10,2.2,409.0,Full HD,1920,1080,No,No,No,Intel,2.0,Core i3 6006U,500,0,HDD,No,Intel,HD Graphics 520,Budget,185.9090909090909,60.0,Think Different,469.0
lenovo,Lenovo IdeaPad,Notebook,11.6,2,windows 10,1.15,304.45,Standard,1366,768,No,No,No,Intel,1.1,Celeron Dual Core N3350,32,0,Flash Storage,No,Intel,HD Graphics 500,Budget,264.7391304347826,60.0,Think Different,364.45
lenovo,ThinkPad P51,Workstation,15.6,8,windows 10,2.67,1925.0,Full HD,1920,1080,No,No,No,Intel,2.8,Core i7 7700HQ,512,0,SSD,No,Nvidia,Quadro M1200,Ultra-Premium,720.9737827715356,60.0,Think Different,1985.0
lenovo,Thinkpad T470p,Ultrabook,14.0,8,windows 10,1.7,1943.0,Full HD,2560,1440,No,Yes,No,Intel,2.8,Core i7 7700HQ,512,0,SSD,No,Nvidia,GeForce GT 940MX,Ultra-Premium,1142.9411764705883,60.0,Think Different,2003.0
hp,15-BS028nv (i3-6006U/4GB/1TB/Radeon,Notebook,15.6,4,windows 10,2.1,469.0,Full HD,1920,1080,No,No,No,Intel,2.0,Core i3 6006U,1024,0,HDD,No,AMD,Radeon 520,Budget,223.3333333333333,150.0,Innovation at its Best,619.0
acer,Aspire R7,2 in 1 Convertible,13.3,8,windows 10,1.6,789.01,Full HD,1920,1080,Yes,Yes,No,Intel,2.5,Core i7 6500U,256,0,SSD,No,Intel,HD Graphics 520,Mid-Range,493.13125,55.0,Explore Beyond Limits,844.01
asus,ZenBook Flip,2 in 1 Convertible,13.3,8,windows 10,1.27,928.0,Full HD,1920,1080,Yes,Yes,No,Intel,2.5,Core i5 7200U,256,0,SSD,No,Intel,HD Graphics 620,Mid-Range,730.7086614173228,45.0,Inspiring Innovation,973.0
dell,Inspiron 3567,Notebook,15.6,4,linux,2.3,598.9,Full HD,1920,1080,No,No,No,Intel,2.5,Core i5 7200U,256,0,SSD,No,AMD,Radeon R5 M430,Mid-Range,260.3913043478261,50.0,Powerful and Reliable,648.9
dell,Latitude 3380,Notebook,13.3,4,windows 10,1.65,689.0,Standard,1366,768,No,No,No,Intel,2.0,Core i3 6006U,128,0,SSD,No,Intel,HD Graphics 520,Mid-Range,417.5757575757576,50.0,Powerful and Reliable,739.0
hp,EliteBook 1040,Ultrabook,14.0,8,windows 10,1.43,1500.0,Full HD,1920,1080,No,No,No,Intel,2.5,Core i7 6500U,256,0,SSD,No,Intel,HD Graphics 520,Premium,1048.951048951049,150.0,Innovation at its Best,1650.0
dell,Inspiron 3567,Notebook,15.6,8,windows 10,2.14,539.95,Standard,1366,768,No,No,No,Intel,2.5,Core i5 7200U,1024,0,HDD,No,Intel,HD Graphics 620,Mid-Range,252.31308411214957,50.0,Powerful and Reliable,589.95
lenovo,ThinkPad E480,Ultrabook,14.0,8,windows 10,1.75,1215.38,Full HD,1920,1080,No,Yes,No,Intel,1.8,Core i7 8550U,256,0,SSD,No,AMD,Radeon RX 550,Premium,694.5028571428572,60.0,Think Different,1275.38
lenovo,Yoga 720-15IKB,2 in 1 Convertible,15.6,16,windows 10,2.0,1899.0,4K Ultra HD,3840,2160,Yes,Yes,No,Intel,2.8,Core i7 7700HQ,512,0,SSD,No,Nvidia,GeForce GTX 1050,Ultra-Premium,949.5,60.0,Think Different,1959.0
chuwi,LapBook 12.3,Notebook,12.3,6,windows 10,1.4,449.0,Standard,2736,1824,No,Yes,Yes,Intel,1.1,Celeron Quad Core N3450,64,0,Flash Storage,No,Intel,HD Graphics 500,Budget,320.7142857142857,,,449.0
hp,ProBook 650,Notebook,15.6,8,windows 10,2.31,1427.0,Full HD,1920,1080,No,No,No,Intel,2.9,Core i7 7820HQ,256,0,SSD,No,Intel,HD Graphics 630,Premium,617.7489177489177,150.0,Innovation at its Best,1577.0
asus,X542UQ-DM117 (i3-7100U/8GB/1TB/GeForce,Notebook,15.6,8,linux,2.3,597.0,Full HD,1920,1080,No,No,No,Intel,2.4,Core i3 7100U,1024,0,HDD,No,Nvidia,GeForce 940MX,Mid-Range,259.5652173913044,45.0,Inspiring Innovation,642.0
dell,Alienware 17,Gaming,17.3,16,windows 10,4.42,2799.0,Standard,2560,1440,No,Yes,No,Intel,2.9,Core i7 7820HK,256,1024,SSD,HDD,Nvidia,GeForce GTX 1070,Ultra-Premium,633.2579185520362,50.0,Powerful and Reliable,2849.0
dell,Inspiron 7577,Gaming,15.6,8,windows 10,2.62,1159.0,Full HD,1920,1080,No,Yes,No,Intel,2.8,Core i7 7700HQ,128,1024,SSD,HDD,Nvidia,GeForce GTX 1050 Ti,Premium,442.3664122137404,50.0,Powerful and Reliable,1209.0
dell,Inspiron 5570,Notebook,15.6,8,windows 10,2.02,1142.4,Full HD,1920,1080,No,No,No,Intel,1.8,Core i7 8550U,256,2048,SSD,HDD,AMD,Radeon 530,Premium,565.5445544554456,50.0,Powerful and Reliable,1192.4
dell,Latitude 5480,Ultrabook,14.0,8,linux,1.6,1099.0,Full HD,1920,1080,No,No,No,Intel,2.8,Core i7 7600U,256,0,SSD,No,Intel,HD Graphics 620,Premium,686.875,50.0,Powerful and Reliable,1149.0
hp,Omen 17-w207nv,Gaming,17.3,12,windows 10,3.35,1999.0,Full HD,1920,1080,No,No,No,Intel,2.8,Core i7 7700HQ,256,1024,SSD,HDD,Nvidia,GeForce GTX 1070,Ultra-Premium,596.7164179104477,150.0,Innovation at its Best,2149.0
mediacom,FlexBook Edge,2 in 1 Convertible,11.6,4,windows 10,1.16,299.0,Full HD,1920,1080,Yes,Yes,No,Intel,1.1,Celeron Dual Core N3350,32,0,SSD,No,Intel,HD Graphics 500,Budget,257.7586206896552,,,299.0
samsung,Chromebook 3,Netbook,11.6,4,chrome os,1.15,269.0,Standard,1366,768,No,No,No,Intel,1.6,Celeron Dual Core N3060,16,0,Flash Storage,No,Intel,HD Graphics 400,Budget,233.91304347826087,,,269.0
lenovo,Thinkpad 13,Notebook,13.3,8,windows 10,1.4,1010.0,Full HD,1920,1080,No,Yes,No,Intel,2.7,Core i7 7500U,256,0,SSD,No,Intel,HD Graphics 620,Premium,721.4285714285714,60.0,Think Different,1070.0
lenovo,IdeaPad 320s-14IKB,Notebook,14.0,4,windows 10,1.7,599.0,Full HD,1920,1080,No,Yes,No,Intel,2.7,Core i3 7130U,128,0,SSD,No,Intel,HD Graphics 620,Mid-Range,352.3529411764706,60.0,Think Different,659.0
lenovo,Thinkpad T570,Workstation,15.6,16,windows 10,2.3,2445.0,4K Ultra HD,3840,2160,No,Yes,No,Intel,2.8,Core i7 7600U,512,0,SSD,No,Nvidia,GeForce 940MX,Ultra-Premium,1063.0434782608695,60.0,Think Different,2505.0
lenovo,Thinkpad P51,Notebook,15.6,16,windows 10,2.5,2449.0,Full HD,1920,1080,No,No,No,Intel,2.9,Core i7 7820HQ,512,0,SSD,No,Nvidia,Quadro M2200M,Ultra-Premium,979.6,60.0,Think Different,2509.0
asus,Rog Strix,Gaming,17.3,8,windows 10,3.2,1695.0,Full HD,1920,1080,No,No,No,AMD,3.2,Ryzen 1600,256,1024,SSD,HDD,AMD,Radeon RX 580,Ultra-Premium,529.6875,45.0,Inspiring Innovation,1740.0
hp,15-ra044nv (N3060/4GB/500GB/W10),Notebook,15.6,4,windows 10,2.1,347.0,Standard,1366,768,No,No,No,Intel,1.6,Celeron Dual Core N3060,500,0,HDD,No,Intel,HD Graphics 400,Budget,165.23809523809524,150.0,Innovation at its Best,497.0
google,Pixelbook (Core,Ultrabook,12.3,16,chrome os,1.1,2199.0,Standard,2400,1600,Yes,No,No,Intel,1.3,Core i7 7Y75,512,0,SSD,No,Intel,HD Graphics 615,Ultra-Premium,1999.090909090909,,,2199.0
lenovo,ThinkPad T470s,Ultrabook,14.0,24,windows 10,1.32,2382.0,Standard,2560,1440,No,No,No,Intel,2.7,Core i7 7500U,512,0,SSD,No,Intel,HD Graphics 620,Ultra-Premium,1804.5454545454545,60.0,Think Different,2442.0
asus,VivoBook Max,Notebook,15.6,4,linux,2.0,559.0,Full HD,1920,1080,No,No,No,Intel,2.5,Core i5 7200U,256,0,SSD,No,Intel,HD Graphics 620,Mid-Range,279.5,45.0,Inspiring Innovation,604.0
lenovo,IdeaPad 320-15AST,Notebook,17.3,8,windows 10,2.8,519.0,Standard,1600,900,No,No,No,AMD,2.5,A6-Series 9220,1024,0,HDD,No,AMD,Radeon R4,Mid-Range,185.3571428571429,60.0,Think Different,579.0
dell,Inspiron 5570,Notebook,15.6,4,windows 10,2.2,749.0,Full HD,1920,1080,No,No,No,Intel,1.6,Core i5 8250U,256,0,SSD,No,AMD,Radeon 530,Mid-Range,340.45454545454544,50.0,Powerful and Reliable,799.0
lenovo,ThinkPad X270,Ultrabook,12.5,8,windows 10,1.36,1429.0,Full HD,1920,1080,No,Yes,No,Intel,2.5,Core i5 7200U,256,0,SSD,No,Intel,HD Graphics 620,Premium,1050.735294117647,60.0,Think Different,1489.0
lenovo,IdeaPad 320-15IAP,Notebook,15.6,4,windows 10,2.2,349.0,Full HD,1920,1080,No,No,No,Intel,1.1,Pentium Quad Core N4200,128,0,SSD,No,Intel,HD Graphics 505,Budget,158.63636363636363,60.0,Think Different,409.0
hp,Omen 15-AX205na,Gaming,15.6,8,windows 10,2.2,1099.0,Full HD,1920,1080,No,Yes,No,Intel,2.8,Core i7 7700HQ,128,1024,SSD,HDD,Nvidia,GeForce GTX 1050,Premium,499.5454545454545,150.0,Innovation at its Best,1249.0
dell,Latitude 5480,Notebook,14.0,8,windows 10,1.64,1179.0,Full HD,1920,1080,No,No,No,Intel,2.8,Core i5 7440HQ,256,0,SSD,No,Nvidia,GeForce 930MX,Premium,718.9024390243903,50.0,Powerful and Reliable,1229.0
acer,Aspire ES1-572,Notebook,15.6,4,linux,2.4,441.8,Standard,1366,768,No,No,No,Intel,2.5,Core i5 7200U,500,0,HDD,No,Intel,HD Graphics 620,Budget,184.08333333333331,55.0,Explore Beyond Limits,496.8
dell,Precision 3520,Workstation,15.6,8,windows 10,2.23,1993.0,Full HD,1920,1080,No,No,No,Intel,3.0,Xeon E3-1505M V6,64,1024,Flash Storage,HDD,Nvidia,Quadro M620,Ultra-Premium,893.7219730941704,50.0,Powerful and Reliable,2043.0
msi,GV62 7RD-1686NL,Gaming,15.6,8,windows 10,2.2,1027.74,Full HD,1920,1080,No,No,No,Intel,2.5,Core i5 7300HQ,256,0,SSD,No,Nvidia,GeForce GTX 1050,Premium,467.1545454545454,,,1027.74
microsoft,Surface Laptop,Ultrabook,13.5,16,windows 10 s,1.25,2589.0,Standard,2256,1504,Yes,No,No,Intel,2.5,Core i7 7660U,512,0,SSD,No,Intel,Iris Plus Graphics 640,Ultra-Premium,2071.2,,,2589.0
hp,15-bs024nv (i5-7200U/8GB/128GB/W10),Notebook,15.6,8,windows 10,1.91,589.0,Standard,1366,768,No,No,No,Intel,2.5,Core i5 7200U,128,0,SSD,No,Intel,HD Graphics 620,Mid-Range,308.37696335078533,150.0,Innovation at its Best,739.0
dell,Precision 3520,Workstation,15.6,16,windows 10,2.17,1975.0,Full HD,1920,1080,No,Yes,No,Intel,2.7,Core i7 6820HQ,256,0,SSD,No,Nvidia,Quadro M620,Ultra-Premium,910.1382488479264,50.0,Powerful and Reliable,2025.0
hp,ProBook 650,Workstation,15.6,8,windows 10,2.31,1534.0,Full HD,1920,1080,No,Yes,No,Intel,2.9,Core i7 7820HQ,512,0,SSD,No,Intel,HD Graphics 620,Ultra-Premium,664.069264069264,150.0,Innovation at its Best,1684.0
lenovo,ThinkPad T470,Notebook,14.0,8,windows 10,1.65,1345.0,Full HD,1920,1080,No,No,No,Intel,2.5,Core i5 7200U,256,0,SSD,No,Intel,HD Graphics 620,Premium,815.1515151515152,60.0,Think Different,1405.0
dell,Inspiron 5570,Notebook,15.6,8,windows 10,2.36,979.0,Full HD,1920,1080,No,No,No,Intel,1.8,Core i7 8550U,128,1024,SSD,HDD,AMD,Radeon 530,Mid-Range,414.8305084745763,50.0,Powerful and Reliable,1029.0
dell,Inspiron 3168,2 in 1 Convertible,11.6,4,windows 10,1.47,479.0,Standard,1366,768,Yes,No,No,Intel,1.6,Pentium Quad Core N3710,500,0,HDD,No,Intel,HD Graphics 405,Budget,325.85034013605446,50.0,Powerful and Reliable,529.0
dell,Alienware 17,Notebook,17.3,8,windows 10,4.42,2046.0,Full HD,1920,1080,No,Yes,No,Intel,2.7,Core i7 7700HQ,1024,0,HDD,No,Nvidia,GeForce GTX 1060,Ultra-Premium,462.89592760180994,50.0,Powerful and Reliable,2096.0
microsoft,Surface Laptop,Ultrabook,13.5,4,windows 10 s,1.252,989.0,Standard,2256,1504,Yes,No,No,Intel,2.2,Core M m3-7Y30,128,0,SSD,No,Intel,HD Graphics 615,Mid-Range,789.9361022364217,,,989.0
microsoft,Surface Laptop,Ultrabook,13.5,8,windows 10 s,1.25,1799.0,Standard,2256,1504,Yes,No,No,Intel,2.5,Core i7 7660U,256,0,SSD,No,Intel,Iris Plus Graphics 640,Ultra-Premium,1439.2,,,1799.0
hp,17-BS092ND (i3-6006U/8GB/256GB/W10),Notebook,17.3,8,windows 10,2.5,639.9,Standard,1600,900,No,No,No,Intel,2.0,Core i3 6006U,256,0,SSD,No,Intel,HD Graphics 520,Mid-Range,255.96,150.0,Innovation at its Best,789.9
acer,Aspire E5-576G,Notebook,15.6,4,windows 10,2.23,544.0,Full HD,1920,1080,No,No,No,Intel,2.0,Core i3 6006U,1024,0,HDD,No,Nvidia,GeForce 940MX,Mid-Range,243.9461883408072,55.0,Explore Beyond Limits,599.0
acer,TravelMate B,Netbook,11.6,4,windows 10,1.4,435.0,Standard,1366,768,No,No,No,Intel,1.6,Celeron Dual Core N3060,128,0,SSD,No,Intel,HD Graphics 400,Budget,310.7142857142857,55.0,Explore Beyond Limits,490.0
asus,Pro P2540UA-AB51,Notebook,15.6,8,windows 10,2.37,749.0,Full HD,1920,1080,No,No,No,Intel,2.5,Core i5 7200U,1024,0,HDD,No,Intel,HD Graphics 620,Mid-Range,316.0337552742616,45.0,Inspiring Innovation,794.0
lenovo,IdeaPad 510s-14IKB,Notebook,14.0,8,no os,1.5,799.0,Full HD,1920,1080,No,Yes,No,Intel,2.7,Core i7 7500U,512,0,SSD,No,AMD,Radeon R7 M460,Mid-Range,532.6666666666666,60.0,Think Different,859.0
lenovo,Thinkpad P51,Notebook,15.6,8,windows 10,2.67,2090.0,Full HD,1920,1080,No,No,No,Intel,2.9,Core i7 7820HQ,256,0,SSD,No,Nvidia,Quadro M2200M,Ultra-Premium,782.7715355805244,60.0,Think Different,2150.0
asus,X541NA-PD1003Y (N4200/4GB/500GB/W10),Notebook,15.6,4,windows 10,2.0,304.0,Standard,1366,768,No,No,No,Intel,1.1,Pentium Quad Core N4200,500,0,HDD,No,Intel,HD Graphics 500,Budget,152.0,45.0,Inspiring Innovation,349.0
acer,Aspire 5,Notebook,15.6,4,windows 10,2.2,469.0,Standard,1366,768,No,No,No,Intel,2.0,Core i3 6006U,500,0,HDD,No,Nvidia,GeForce GTX 940MX,Budget,213.18181818181816,55.0,Explore Beyond Limits,524.0
dell,Inspiron 5570,Notebook,15.6,8,windows 10,2.02,759.0,Full HD,1920,1080,No,No,No,Intel,1.6,Core i5 8250U,2048,0,HDD,No,AMD,Radeon 530,Mid-Range,375.74257425742576,50.0,Powerful and Reliable,809.0
hp,Omen 17-an006nv,Gaming,17.3,12,windows 10,3.78,1699.0,Full HD,1920,1080,No,Yes,No,Intel,2.8,Core i7 7700HQ,1024,0,HDD,No,Nvidia,GeForce GTX 1060,Ultra-Premium,449.4708994708995,150.0,Innovation at its Best,1849.0
lenovo,Thinkpad T460s,Ultrabook,14.0,12,windows 10,1.4,1858.0,Quad HD+,2560,1440,No,Yes,No,Intel,2.6,Core i7 6600U,256,0,SSD,No,Intel,HD Graphics 520,Ultra-Premium,1327.142857142857,60.0,Think Different,1918.0
hp,Spectre x360,2 in 1 Convertible,13.3,8,windows 10,1.29,1999.0,4K Ultra HD,3840,2160,Yes,Yes,No,Intel,1.8,Core i7 8550U,512,0,SSD,No,Intel,UHD Graphics 620,Ultra-Premium,1549.612403100775,150.0,Innovation at its Best,2149.0
hp,ZBook 15u,Notebook,15.6,8,windows 10,1.9,1154.0,Full HD,1920,1080,No,No,No,Intel,2.5,Core i5 7200U,500,0,HDD,No,AMD,FirePro W4190M ,Premium,607.3684210526316,150.0,Innovation at its Best,1304.0
google,Pixelbook (Core,Ultrabook,12.3,8,chrome os,1.1,1275.0,Standard,2400,1600,Yes,No,No,Intel,1.2,Core i5 7Y57,128,0,SSD,No,Intel,HD Graphics 615,Premium,1159.090909090909,,,1275.0
dell,Latitude 7390,Ultrabook,13.3,8,windows 10,1.42,1841.85,Full HD,1920,1080,Yes,No,No,Intel,1.6,Core i5 8250U,256,0,SSD,No,Intel,UHD Graphics 620,Ultra-Premium,1297.0774647887324,50.0,Powerful and Reliable,1891.85
asus,ZenBook Pro,Notebook,15.6,12,windows 10,2.06,1299.0,4K Ultra HD,3840,2160,No,Yes,No,Intel,2.6,Core i7 6700HQ,128,1024,SSD,HDD,Intel,HD Graphics 530,Premium,630.5825242718446,45.0,Inspiring Innovation,1344.0
dell,Latitude E5470,Notebook,14.0,8,windows 10,1.79,740.0,Standard,1366,768,No,No,No,Intel,2.3,Core i3 6100U,128,0,SSD,No,Intel,HD Graphics 520,Mid-Range,413.4078212290503,50.0,Powerful and Reliable,790.0
dell,Precision M5520,Workstation,15.6,8,windows 10,1.78,2408.0,Full HD,1920,1080,No,No,No,Intel,2.8,Core i7 7700HQ,256,0,SSD,No,Nvidia,Quadro M1200,Ultra-Premium,1352.808988764045,50.0,Powerful and Reliable,2458.0
lenovo,Thinkpad T470,Notebook,14.0,8,windows 10,1.7,1364.0,Full HD,1920,1080,No,No,No,Intel,2.5,Core i5 7200U,180,0,SSD,No,Intel,HD Graphics 620,Premium,802.3529411764706,60.0,Think Different,1424.0
dell,Inspiron 3576,Notebook,15.6,8,windows 10,2.2,675.0,Full HD,1920,1080,No,No,No,Intel,1.6,Core i5 8250U,1024,0,HDD,No,AMD,Radeon 520,Mid-Range,306.8181818181818,50.0,Powerful and Reliable,725.0
toshiba,Portege X30-D-10J,Notebook,13.3,8,windows 10,1.05,1672.0,Full HD,1920,1080,No,Yes,No,Intel,2.5,Core i5 7200U,256,0,SSD,No,Intel,HD Graphics 620,Ultra-Premium,1592.3809523809523,,,1672.0
dell,Inspiron 7570,Notebook,15.6,8,windows 10,2.16,1262.0,Full HD,1920,1080,No,Yes,No,Intel,1.8,Core i7 8550U,512,0,SSD,No,Nvidia,GeForce 940MX,Premium,584.2592592592592,50.0,Powerful and Reliable,1312.0
dell,Vostro 3568,Notebook,15.6,4,windows 10,2.18,586.6,Standard,1366,768,No,No,No,Intel,2.4,Core i3 7100U,1024,0,HDD,No,Intel,HD Graphics 620,Mid-Range,269.08256880733944,50.0,Powerful and Reliable,636.6
hp,ProBook 430,Notebook,13.3,4,windows 10,1.49,726.0,Full HD,1920,1080,No,Yes,No,Intel,1.6,Core i5 8250U,128,0,SSD,No,Intel,UHD Graphics 620,Mid-Range,487.24832214765104,150.0,Innovation at its Best,876.0
chuwi,"Lapbook 15,6",Notebook,15.6,4,windows 10,1.89,248.9,Full HD,1920,1080,No,No,No,Intel,1.44,Atom x5-Z8350,64,0,Flash Storage,No,Intel,HD Graphics,Budget,131.6931216931217,,,248.9
lenovo,ThinkPad E570,Notebook,15.6,4,windows 10,2.3,565.0,Standard,1366,768,No,No,No,Intel,2.0,Core i3 6006U,128,0,SSD,No,Intel,HD Graphics 520,Mid-Range,245.6521739130435,60.0,Think Different,625.0
lenovo,ThinkPad E480,Notebook,14.0,8,windows 10,1.75,1049.0,Full HD,1920,1080,No,Yes,No,Intel,1.6,Core i5 8250U,256,0,SSD,No,Intel,UHD Graphics 620,Premium,599.4285714285714,60.0,Think Different,1109.0
dell,Precision 3520,Workstation,15.6,16,windows 10,2.17,2338.0,Full HD,1920,1080,No,Yes,No,Intel,2.7,Core i7 6820HQ,512,0,SSD,No,Nvidia,Quadro M620,Ultra-Premium,1077.4193548387098,50.0,Powerful and Reliable,2388.0
dell,XPS 15,Notebook,15.6,16,windows 10,2.06,1899.0,Full HD,1920,1080,No,No,No,Intel,2.8,Core i7 7700HQ,512,0,SSD,No,Nvidia,GeForce GTX 1050,Ultra-Premium,921.8446601941748,50.0,Powerful and Reliable,1949.0
lenovo,Thinkpad X270,Ultrabook,12.5,16,windows 10,1.36,1798.0,Full HD,1920,1080,No,Yes,No,Intel,2.7,Core i7 7500U,512,0,SSD,No,Intel,HD Graphics 620,Ultra-Premium,1322.0588235294117,60.0,Think Different,1858.0
asus,Zenbook UX390UA,Ultrabook,12.5,16,windows 10,0.91,1950.0,Full HD,1920,1080,No,No,No,Intel,2.7,Core i7 7500U,512,0,SSD,No,Intel,HD Graphics 620,Ultra-Premium,2142.8571428571427,45.0,Inspiring Innovation,1995.0
lenovo,Thinkpad E570,Notebook,15.6,8,windows 10,2.3,1011.99,Full HD,1920,1080,No,Yes,No,Intel,2.5,Core i5 7200U,256,0,SSD,No,Nvidia,GeForce 940MX,Premium,439.9956521739131,60.0,Think Different,1071.99
toshiba,Portege X30-D-10L,Ultrabook,13.3,32,windows 10,1.05,2799.0,Full HD,1920,1080,Yes,No,No,Intel,2.7,Core i7 7500U,512,0,SSD,No,Intel,HD Graphics 620,Ultra-Premium,2665.714285714286,,,2799.0
asus,VivoBook Pro,Gaming,15.6,8,windows 10,1.99,1350.0,Full HD,1920,1080,No,No,No,Intel,2.8,Core i7 7700HQ,128,1024,SSD,HDD,Nvidia,GeForce GTX 1050,Premium,678.391959798995,45.0,Inspiring Innovation,1395.0
acer,Aspire 5,Notebook,15.6,8,windows 10,2.2,579.0,Standard,1366,768,No,No,No,AMD,2.5,A10-Series 9620P,1024,0,HDD,No,AMD,Radeon RX 540,Mid-Range,263.1818181818182,55.0,Explore Beyond Limits,634.0
asus,Rog G752VL-UH71T,Gaming,17.3,24,windows 10,4.33,1269.0,Full HD,1920,1080,Yes,Yes,No,Intel,2.6,Core i7 6700HQ,256,1024,SSD,HDD,Nvidia,GeForce GTX 965M,Premium,293.0715935334873,45.0,Inspiring Innovation,1314.0
lenovo,Thinkpad X260,Ultrabook,12.5,8,windows 10,1.3,1099.0,Standard,1366,768,No,Yes,No,Intel,2.3,Core i5 6200U,180,0,SSD,No,Intel,HD Graphics 520,Premium,845.3846153846154,60.0,Think Different,1159.0
lenovo,Ideapad 520-15IKBR,Notebook,15.6,8,windows 10,2.17,898.9,Full HD,1920,1080,No,No,No,Intel,1.8,Core i7 8550U,256,0,SSD,No,Intel,UHD Graphics 620,Mid-Range,414.2396313364055,60.0,Think Different,958.9
hp,EliteBook 840,Notebook,14.0,8,windows 10,1.48,1749.0,Full HD,1920,1080,No,No,No,Intel,2.8,Core i7 7600U,1024,0,SSD,No,Intel,HD Graphics 620,Ultra-Premium,1181.7567567567569,150.0,Innovation at its Best,1899.0
lenovo,ThinkPad 13,Notebook,13.3,8,windows 10,1.4,949.0,Full HD,1920,1080,No,Yes,No,Intel,2.4,Core i3 7100U,256,0,SSD,No,Intel,HD Graphics 620,Mid-Range,677.8571428571429,60.0,Think Different,1009.0
lenovo,ThinkPad L570,Notebook,15.6,8,windows 10,2.3,911.0,Full HD,1920,1080,No,Yes,No,Intel,2.5,Core i5 7200U,256,0,SSD,No,Intel,HD Graphics 620,Mid-Range,396.0869565217392,60.0,Think Different,971.0
asus,VivoBook E201NA,Netbook,11.6,4,windows 10 s,1.2,340.0,Standard,1366,768,No,No,No,Intel,1.1,Celeron Dual Core N3350,64,0,Flash Storage,No,Intel,HD Graphics 500,Budget,283.33333333333337,45.0,Inspiring Innovation,385.0
hp,15-BS026nv (i5-7200U/8GB/256GB/Radeon,Notebook,15.6,8,windows 10,1.91,618.99,Standard,1366,768,No,No,No,Intel,2.5,Core i5 7200U,256,0,SSD,No,AMD,Radeon 520,Mid-Range,324.07853403141365,150.0,Innovation at its Best,768.99
lenovo,Yoga 920-13IKB,2 in 1 Convertible,13.9,8,windows 10,1.4,1599.0,Full HD,1920,1080,Yes,Yes,No,Intel,1.6,Core i5 8250U,256,0,SSD,No,Intel,UHD Graphics 620,Ultra-Premium,1142.142857142857,60.0,Think Different,1659.0
lenovo,IdeaPad 320-14IAP,Notebook,14.0,4,windows 10,2.1,299.0,Standard,1366,768,No,No,No,Intel,1.1,Celeron Dual Core N3350,500,0,HDD,No,Intel,HD Graphics 500,Budget,142.38095238095238,60.0,Think Different,359.0
lenovo,Chromebook N23,Netbook,11.6,4,chrome os,1.25,265.0,Standard,1366,768,No,No,No,Intel,1.6,Celeron Dual Core N3060,16,0,SSD,No,Intel,HD Graphics 400,Budget,212.0,60.0,Think Different,325.0
lenovo,ThinkPad 13,Notebook,13.3,8,windows 10,1.44,949.0,Full HD,1920,1080,No,No,No,Intel,2.5,Core i5 7200U,256,0,SSD,No,Intel,HD Graphics 620,Mid-Range,659.0277777777778,60.0,Think Different,1009.0
asus,ZenBook UX510UX-CN211T,Notebook,15.6,8,windows 10,2.0,1224.0,Full HD,1920,1080,No,No,No,Intel,2.7,Core i7 7500U,256,1024,SSD,HDD,Intel,HD Graphics 620,Premium,612.0,45.0,Inspiring Innovation,1269.0
acer,Aspire A515-51G-59QF,Notebook,15.6,4,windows 10,2.2,613.0,Full HD,1920,1080,No,Yes,No,Intel,1.6,Core i5 8250U,1024,0,HDD,No,Nvidia,GeForce MX150,Mid-Range,278.6363636363636,55.0,Explore Beyond Limits,668.0
hp,Envy 13-AB002nv,Ultrabook,13.3,8,windows 10,1.34,1323.0,Full HD,1920,1080,No,Yes,No,Intel,2.7,Core i7 7500U,512,0,SSD,No,Intel,HD Graphics 620,Premium,987.3134328358208,150.0,Innovation at its Best,1473.0
lenovo,Legion Y520-15IKBN,Gaming,15.6,8,no os,2.4,1149.0,Full HD,1920,1080,No,Yes,No,Intel,2.8,Core i7 7700HQ,256,1024,SSD,HDD,Nvidia,GeForce GTX 1060,Premium,478.75,60.0,Think Different,1209.0
dell,XPS 13,Ultrabook,13.3,8,windows 10,1.29,899.0,Full HD,1920,1080,Yes,Yes,No,Intel,2.5,Core i5 7200U,128,0,SSD,No,Intel,HD Graphics 620,Mid-Range,696.8992248062016,50.0,Powerful and Reliable,949.0
acer,Aspire A515-51G,Notebook,15.6,4,windows 10,2.2,639.0,Full HD,1920,1080,No,No,No,Intel,2.7,Core i7 7500U,500,0,HDD,No,Nvidia,GeForce 940MX,Mid-Range,290.45454545454544,55.0,Explore Beyond Limits,694.0
dell,Vostro 5568,Notebook,15.6,8,windows 10,2.18,836.0,Full HD,1920,1080,No,No,No,Intel,2.5,Core i5 7200U,1024,0,HDD,No,Intel,HD Graphics 620,Mid-Range,383.48623853211006,50.0,Powerful and Reliable,886.0
dell,Inspiron 5570,Notebook,15.6,16,windows 10,2.2,1219.24,Full HD,1920,1080,No,No,No,Intel,1.8,Core i7 8550U,256,2048,SSD,HDD,AMD,Radeon 530,Premium,554.1999999999999,50.0,Powerful and Reliable,1269.24
xiaomi,Mi Notebook,Notebook,15.6,16,no os,1.95,1399.95,Full HD,1920,1080,No,Yes,No,Intel,1.8,Core i7 8550U,256,0,SSD,No,Nvidia,GeForce MX150,Premium,717.923076923077,,,1399.95
asus,VivoBook E12,Netbook,11.6,2,windows 10,1.1,245.0,Standard,1366,768,No,No,No,Intel,1.1,Celeron Dual Core N3350,32,0,Flash Storage,No,Intel,HD Graphics 500,Budget,222.72727272727272,45.0,Inspiring Innovation,290.0
hp,15-bs190od (i5-8250U/4GB/1TB/W10),Notebook,15.6,4,windows 10,2.04,521.47,Standard,1366,768,Yes,No,No,Intel,1.6,Core i5 8250U,1024,0,HDD,No,Intel,UHD Graphics 620,Mid-Range,255.62254901960785,150.0,Innovation at its Best,671.47
asus,ROG Zephyrus,Gaming,15.6,24,windows 10,2.24,2968.0,Full HD,1920,1080,No,No,No,Intel,2.8,Core i7 7700HQ,512,0,SSD,No,Nvidia,GeForce GTX1080,Ultra-Premium,1324.9999999999998,45.0,Inspiring Innovation,3013.0
hp,Probook 450,Notebook,15.6,8,windows 10,2.04,889.0,Full HD,1920,1080,No,No,No,Intel,2.5,Core i5 7200U,256,0,SSD,No,Nvidia,GeForce 930MX,Mid-Range,435.78431372549016,150.0,Innovation at its Best,1039.0
asus,FX753VE-GC155T (i7-7700HQ/16GB/1TB,Gaming,17.3,16,windows 10,3.0,1504.0,Full HD,1920,1080,No,No,No,Intel,2.8,Core i7 7700HQ,256,1024,SSD,HDD,Nvidia,GeForce GTX1050 Ti,Ultra-Premium,501.3333333333333,45.0,Inspiring Innovation,1549.0
lenovo,Legion Y720-15IKB,Gaming,15.6,8,windows 10,3.2,1399.0,Full HD,1920,1080,No,Yes,No,Intel,2.8,Core i7 7700HQ,256,1024,SSD,HDD,Nvidia,GeForce GTX 1060,Premium,437.1875,60.0,Think Different,1459.0
hp,Spectre X360,Ultrabook,13.3,8,windows 10,1.32,1399.0,Full HD,1920,1080,No,Yes,No,Intel,2.7,Core i7 7500U,256,0,SSD,No,Intel,HD Graphics 620,Premium,1059.8484848484848,150.0,Innovation at its Best,1549.0
dell,Latitude 5480,Notebook,14.0,8,windows 10,1.64,1279.73,Full HD,1920,1080,No,No,No,Intel,2.6,Core i5 7300U,256,0,SSD,No,Intel,HD Graphics 620,Premium,780.3231707317074,50.0,Powerful and Reliable,1329.73
hp,ProBook 440,Notebook,15.6,4,windows 10,1.63,689.0,Standard,1366,768,No,No,No,Intel,2.0,Core i3 6006U,128,0,SSD,No,Intel,HD Graphics 520,Mid-Range,422.6993865030675,150.0,Innovation at its Best,839.0
dell,Inspiron 5770,Notebook,17.3,8,linux,2.8,889.0,Full HD,1920,1080,No,Yes,No,Intel,1.6,Core i5 8250U,128,1024,SSD,HDD,AMD,Radeon 530,Mid-Range,317.5,50.0,Powerful and Reliable,939.0
lenovo,ThinkPad L470,Notebook,14.0,8,windows 7,2.02,1340.0,Full HD,1920,1080,No,No,No,Intel,2.3,Core i5 6200U,256,0,SSD,No,Intel,HD Graphics 520,Premium,663.3663366336633,60.0,Think Different,1400.0
lenovo,IdeaPad 320-15IKB,Notebook,15.6,4,windows 10,2.2,799.0,Full HD,1920,1080,No,No,No,Intel,2.7,Core i7 7500U,1024,0,HDD,No,Nvidia,GeForce 920MX,Mid-Range,363.1818181818181,60.0,Think Different,859.0
lenovo,IdeaPad 320-15ISK,Notebook,15.6,8,no os,2.2,459.0,Standard,1366,768,No,No,No,Intel,2.0,Core i3 6006U,2048,0,HDD,No,Nvidia,GeForce 920MX ,Budget,208.63636363636363,60.0,Think Different,519.0
dell,Inspiron 3567,Notebook,15.6,4,windows 10,2.3,585.0,Full HD,1920,1080,No,No,No,Intel,2.5,Core i5 7200U,500,0,HDD,No,AMD,Radeon R5 M430,Mid-Range,254.34782608695653,50.0,Powerful and Reliable,635.0
dell,Latitude 5580,Notebook,15.6,8,windows 10,1.9,1377.0,Full HD,1920,1080,No,No,No,Intel,2.8,Core i5 7440HQ,256,0,SSD,No,Intel,HD Graphics 620,Premium,724.7368421052632,50.0,Powerful and Reliable,1427.0
dell,Alienware 17,Gaming,17.3,16,windows 10,4.42,3012.77,Full HD,1920,1080,No,Yes,No,Intel,2.8,Core i7 7700HQ,128,1024,SSD,HDD,Nvidia,GeForce GTX 1070,Ultra-Premium,681.6221719457013,50.0,Powerful and Reliable,3062.77
toshiba,Satellite Pro,Notebook,15.6,8,windows 10,2.0,860.0,Full HD,1920,1080,No,Yes,No,Intel,2.5,Core i5 7200U,500,0,HDD,No,Intel,HD Graphics 620,Mid-Range,430.0,,,860.0
asus,Zenbook UX510UW-FI095T,Notebook,15.6,8,windows 10,2.0,1299.0,4K Ultra HD,3840,2160,No,Yes,No,Intel,2.7,Core i7 7500U,256,1024,SSD,HDD,Nvidia,GeForce GTX 960M,Premium,649.5,45.0,Inspiring Innovation,1344.0
mediacom,SmartBook Edge,Notebook,13.3,4,windows 10,1.2,369.0,Full HD,1920,1080,No,Yes,No,Intel,1.1,Celeron Quad Core N3450,32,0,SSD,No,Intel,HD Graphics 500,Budget,307.5,,,369.0
asus,ROG Strix,Gaming,15.6,8,windows 10,2.3,1649.0,Full HD,1920,1080,No,Yes,No,Intel,2.5,Core i5 7300HQ,128,1024,SSD,HDD,Nvidia,GeForce GTX 1060,Ultra-Premium,716.9565217391305,45.0,Inspiring Innovation,1694.0
dell,Latitude 5580,Notebook,15.6,8,windows 10,1.93,1369.0,Full HD,1920,1080,No,No,No,Intel,2.8,Core i7 7600U,256,0,SSD,No,Nvidia,GeForce 930MX,Premium,709.3264248704663,50.0,Powerful and Reliable,1419.0
dell,Inspiron 5570,Notebook,15.6,8,windows 10,2.2,797.41,Full HD,1920,1080,No,No,No,Intel,1.6,Core i5 8250U,256,0,SSD,No,AMD,Radeon 530,Mid-Range,362.4590909090909,50.0,Powerful and Reliable,847.41
hp,250 G6,Notebook,15.6,4,windows 10,1.86,398.99,Full HD,1920,1080,No,No,No,Intel,1.6,Pentium Quad Core N3710,256,0,SSD,No,Intel,HD Graphics 405,Budget,214.51075268817203,150.0,Innovation at its Best,548.99
hp,Omen 15-ce006nv,Gaming,17.3,12,windows 10,2.62,1799.0,Full HD,1920,1080,No,No,No,Intel,2.8,Core i7 7700HQ,1024,0,HDD,No,Nvidia,GeForce GTX 1060,Ultra-Premium,686.6412213740458,150.0,Innovation at its Best,1949.0
lenovo,Thinkpad E470,Notebook,14.0,8,windows 10,1.87,859.0,Full HD,1920,1080,No,Yes,No,Intel,2.7,Core i7 7500U,256,0,SSD,No,Nvidia,GeForce 940MX,Mid-Range,459.35828877005343,60.0,Think Different,919.0
dell,XPS 13,Ultrabook,13.3,8,windows 10,1.2,1399.0,Quad HD+,3200,1800,Yes,No,No,Intel,1.8,Core i7 8550U,256,0,SSD,No,Intel,UHD Graphics 620,Premium,1165.8333333333337,50.0,Powerful and Reliable,1449.0
dell,Vostro 5468,Notebook,14.0,4,windows 10,1.6,735.87,Full HD,1920,1080,No,No,No,Intel,2.0,Core i3 6006U,128,0,SSD,No,Intel,HD Graphics 520,Mid-Range,459.91875,50.0,Powerful and Reliable,785.87
hp,Envy 13-AB020nr,Ultrabook,13.3,8,windows 10,1.34,1145.0,Quad HD+,3200,1800,No,Yes,No,Intel,2.7,Core i7 7500U,256,0,SSD,No,Intel,HD Graphics 620,Premium,854.4776119402984,150.0,Innovation at its Best,1295.0
acer,Aspire 7,Gaming,15.6,8,linux,2.4,798.0,Full HD,1920,1080,No,No,No,Intel,2.5,Core i5 7300HQ,1024,0,HDD,No,Nvidia,GeForce GTX 1050,Mid-Range,332.5,55.0,Explore Beyond Limits,853.0
asus,VivoBook X540YA-XX519T,Notebook,15.6,4,windows 10,2.0,349.0,Standard,1366,768,No,No,No,AMD,1.8,E-Series 7110,500,0,HDD,No,AMD,Radeon R2 Graphics,Budget,174.5,45.0,Inspiring Innovation,394.0
hp,ProBook 450,Notebook,15.6,4,windows 10,2.1,705.5,Full HD,1920,1080,No,No,No,Intel,2.4,Core i3 7100U,128,0,SSD,No,Intel,HD Graphics 620,Mid-Range,335.95238095238096,150.0,Innovation at its Best,855.5
lenovo,ThinkPad E470,Notebook,14.0,4,windows 10,1.87,785.0,Full HD,1920,1080,No,No,No,Intel,2.5,Core i5 7200U,500,0,HDD,No,Intel,HD Graphics 620,Mid-Range,419.78609625668446,60.0,Think Different,845.0
lenovo,V310-15ISK (i5-6200U/4GB/1TB/FHD/No,Notebook,15.6,4,no os,2.15,462.35,Full HD,1920,1080,No,No,No,Intel,2.3,Core i5 6200U,1024,0,HDD,No,Intel,HD Graphics 520,Budget,215.046511627907,60.0,Think Different,522.35
hp,250 G6,Notebook,15.6,4,windows 10,1.86,397.0,Full HD,1920,1080,No,No,No,Intel,2.0,Core i3 6006U,500,0,HDD,No,Intel,HD Graphics 520,Budget,213.44086021505376,150.0,Innovation at its Best,547.0
lenovo,ThinkPad T570,Notebook,15.6,8,windows 10,1.99,1729.0,Full HD,1920,1080,No,Yes,No,Intel,2.7,Core i7 7500U,512,0,SSD,No,Intel,HD Graphics 620,Ultra-Premium,868.8442211055276,60.0,Think Different,1789.0
lenovo,IdeaPad 320-15ISK,Notebook,15.6,4,windows 10,2.2,499.0,Full HD,1920,1080,No,No,No,Intel,2.0,Core i3 6006U,128,0,SSD,No,Intel,HD Graphics 520,Budget,226.8181818181818,60.0,Think Different,559.0
dell,Latitude 5580,Notebook,15.6,8,windows 10,1.9,1116.99,Full HD,1920,1080,No,No,No,Intel,2.5,Core i5 7200U,256,0,SSD,No,Intel,HD Graphics 620,Premium,587.8894736842105,50.0,Powerful and Reliable,1166.99
dell,Alienware 17,Gaming,17.3,16,windows 10,4.42,2699.0,Full HD,1920,1080,No,Yes,No,Intel,2.8,Core i7 7700HQ,256,1024,SSD,HDD,Nvidia,GeForce GTX 1070,Ultra-Premium,610.6334841628959,50.0,Powerful and Reliable,2749.0
hp,17-X047na (i3-6006U/8GB/1TB/W10),Notebook,17.3,8,windows 10,2.65,544.15,Standard,1600,900,No,No,No,Intel,2.0,Core i3 6006U,1024,0,HDD,No,Intel,HD Graphics 520,Mid-Range,205.33962264150944,150.0,Innovation at its Best,694.15
hp,ProBook 470,Notebook,17.3,8,windows 10,2.63,1280.0,Full HD,1920,1080,No,No,No,Intel,2.7,Core i7 7500U,1024,0,HDD,No,Nvidia,GeForce 930MX,Premium,486.6920152091255,150.0,Innovation at its Best,1430.0
asus,A541NA-GO342 (N3350/4GB/500GB/Linux),Notebook,15.6,4,linux,2.0,224.0,Standard,1366,768,No,No,No,Intel,1.1,Celeron Dual Core N3350,500,0,HDD,No,Intel,HD Graphics 500,Budget,112.0,45.0,Inspiring Innovation,269.0
mediacom,SmartBook 130,Notebook,13.3,4,windows 10,1.35,255.0,Full HD,1920,1080,No,Yes,No,Intel,1.44,Atom x5-Z8350,32,0,Flash Storage,No,Intel,HD Graphics,Budget,188.88888888888889,,,255.0
lenovo,IdeaPad 320-17IKB,Notebook,17.3,6,windows 10,2.8,949.0,Standard,1600,900,No,No,No,Intel,2.7,Core i7 7500U,128,1024,SSD,HDD,Nvidia,GeForce 940MX,Mid-Range,338.92857142857144,60.0,Think Different,1009.0
hp,15-bw007nv (A10-9620P/6GB/128GB/Radeon,Notebook,15.6,6,windows 10,1.91,568.9,Full HD,1920,1080,No,Yes,No,AMD,2.5,A10-Series A10-9620P,128,0,SSD,No,AMD,Radeon 530,Mid-Range,297.85340314136124,150.0,Innovation at its Best,718.9
dell,Vostro 3568,Notebook,15.6,4,windows 10,2.18,617.9,Standard,1366,768,No,No,No,Intel,2.0,Core i3 6006U,1024,0,HDD,No,AMD,Radeon R5 M420,Mid-Range,283.440366972477,50.0,Powerful and Reliable,667.9
acer,Spin SP111-31,2 in 1 Convertible,11.6,4,windows 10,1.25,349.0,Full HD,1920,1080,Yes,Yes,No,Intel,2.0,Celeron Dual Core N3350,32,0,Flash Storage,No,Intel,HD Graphics 500,Budget,279.2,55.0,Explore Beyond Limits,404.0
lenovo,V330-15IKB (i3-7130U/4GB/128GB/FHD/W10),Notebook,15.6,4,windows 10,2.05,630.0,Full HD,1920,1080,No,No,No,Intel,2.7,Core i3 7130U,128,0,SSD,No,Intel,HD Graphics 620,Mid-Range,307.31707317073176,60.0,Think Different,690.0
hp,EliteBook 1030,Ultrabook,13.3,16,windows 10,1.16,1965.0,Quad HD+,3200,1800,Yes,Yes,No,Intel,1.2,Core M 6Y75,512,0,SSD,No,Intel,HD Graphics 515,Ultra-Premium,1693.9655172413795,150.0,Innovation at its Best,2115.0
lenovo,Thinkpad P71,Notebook,17.3,8,windows 10,3.4,2999.0,Full HD,1920,1080,No,Yes,No,Intel,2.8,Core i7 7700HQ,256,0,SSD,No,Nvidia,Quadro M620M,Ultra-Premium,882.0588235294118,60.0,Think Different,3059.0
asus,FX553VD-DM627T (i5-7300HQ/8GB/1TB,Notebook,15.6,8,windows 10,2.5,839.0,Full HD,1920,1080,No,No,No,Intel,2.5,Core i5 7300HQ,128,1024,SSD,HDD,Nvidia,GeForce GTX 1050,Mid-Range,335.6,45.0,Inspiring Innovation,884.0
dell,XPS 13,Ultrabook,13.3,8,windows 10,1.21,1599.0,4K Ultra HD,3840,2160,Yes,Yes,No,Intel,1.6,Core i5 8250U,128,0,SSD,No,Intel,UHD Graphics 620,Ultra-Premium,1321.4876033057851,50.0,Powerful and Reliable,1649.0
dell,Latitude 5580,Notebook,15.6,4,windows 10,1.93,959.0,Standard,1366,768,No,No,No,Intel,2.6,Core i5 7300U,500,0,HDD,No,Intel,HD Graphics 620,Mid-Range,496.8911917098446,50.0,Powerful and Reliable,1009.0
fujitsu,Lifebook A557,Notebook,15.6,8,windows 10,2.2,739.0,Standard,1366,768,No,No,No,Intel,2.5,Core i5 7200U,1024,0,HDD,No,Intel,HD Graphics 620,Mid-Range,335.9090909090909,,,739.0
lenovo,IdeaPad 320-15IAP,Notebook,15.6,4,windows 10,2.2,344.0,Full HD,1920,1080,No,No,No,Intel,1.1,Pentium Quad Core N4200,500,0,HDD,No,Intel,HD Graphics 505,Budget,156.36363636363637,60.0,Think Different,404.0
lenovo,ThinkPad L470,Notebook,14.0,4,windows 10,2.02,990.0,Standard,1366,768,No,No,No,Intel,2.5,Core i5 7200U,500,0,HDD,No,Intel,HD Graphics 620,Mid-Range,490.0990099009901,60.0,Think Different,1050.0
hp,ZBook 17,Workstation,17.3,8,windows 10,3.14,1860.99,Standard,1600,900,No,No,No,Intel,2.8,Core i5 7440HQ,500,0,HDD,No,Nvidia,Quadro M1200,Ultra-Premium,592.671974522293,150.0,Innovation at its Best,2010.99
hp,14-am079na (N3710/8GB/2TB/W10),Notebook,14.0,8,windows 10,1.94,389.0,Standard,1366,768,No,No,No,Intel,1.6,Pentium Quad Core N3710,2048,0,HDD,No,Intel,HD Graphics 405,Budget,200.51546391752575,150.0,Innovation at its Best,539.0
hp,15-cd005nv (A9-9420/6GB/256GB/Radeon,Notebook,15.6,6,windows 10,1.95,649.0,Full HD,1920,1080,No,Yes,No,AMD,3.0,A9-Series A9-9420,256,0,SSD,No,AMD,Radeon 530,Mid-Range,332.8205128205128,150.0,Innovation at its Best,799.0
lenovo,Thinkpad E570,Notebook,15.6,8,windows 10,2.3,830.0,Full HD,1920,1080,No,No,No,Intel,2.5,Core i5 7200U,256,0,SSD,No,Intel,HD Graphics 620,Mid-Range,360.8695652173913,60.0,Think Different,890.0
lenovo,V330-15IKB (i5-8250U/4GB/500GB/FHD/W10),Notebook,15.6,4,windows 10,2.05,685.0,Full HD,1920,1080,No,No,No,Intel,1.6,Core i5 8250U,500,0,HDD,No,Intel,HD Graphics 620,Mid-Range,334.1463414634147,60.0,Think Different,745.0
mediacom,SmartBook 141,Notebook,14.0,4,windows 10,1.4,249.0,Full HD,1920,1080,No,No,No,Intel,1.44,Atom x5-Z8350,32,0,SSD,No,Intel,HD Graphics,Budget,177.85714285714286,,,249.0
toshiba,Tecra X40-D-10H,Ultrabook,14.0,16,windows 10,1.24,1865.0,Full HD,1920,1080,Yes,No,No,Intel,2.7,Core i7 7500U,512,0,SSD,No,Intel,HD Graphics 620,Ultra-Premium,1504.032258064516,,,1865.0
lenovo,IdeaPad Y910-17ISK,Gaming,17.3,32,windows 10,4.6,2663.0,Full HD,1920,1080,No,Yes,No,Intel,2.7,Core i7 6820HK,256,1024,SSD,HDD,Nvidia,GeForce GTX 1070,Ultra-Premium,578.9130434782609,60.0,Think Different,2723.0
msi,GT73VR Titan,Gaming,17.3,16,windows 10,4.14,2729.0,Full HD,1920,1080,No,No,No,Intel,2.9,Core i7 7820HK,512,1024,SSD,HDD,Nvidia,GeForce GTX 1070,Ultra-Premium,659.1787439613527,,,2729.0
dell,Inspiron 3567,Notebook,15.6,8,linux,2.2,749.01,Full HD,1920,1080,No,No,No,Intel,2.7,Core i7 7500U,256,0,SSD,No,AMD,Radeon R5 M430,Mid-Range,340.4590909090909,50.0,Powerful and Reliable,799.01
mediacom,SmartBook Edge,Notebook,14.0,4,windows 10,1.45,389.0,Full HD,1920,1080,No,Yes,No,Intel,1.1,Celeron Quad Core N3450,32,0,SSD,No,Intel,HD Graphics 500,Budget,268.2758620689655,,,389.0
dell,Latitude 5580,Notebook,15.6,8,windows 10,1.9,1008.52,Standard,1366,768,No,No,No,Intel,2.6,Core i5 7300U,500,0,HDD,No,Intel,HD Graphics 620,Premium,530.8000000000001,50.0,Powerful and Reliable,1058.52
hp,ProBook 430,Notebook,13.3,4,windows 10,1.49,719.0,Full HD,1920,1080,No,No,No,Intel,2.4,Core i3 7100U,128,0,SSD,No,Intel,HD Graphics 620,Mid-Range,482.5503355704698,150.0,Innovation at its Best,869.0
dell,Latitude 5580,Notebook,15.6,16,windows 10,1.93,1537.39,Full HD,1920,1080,No,No,No,Intel,2.8,Core i7 7600U,256,0,SSD,No,Nvidia,GeForce 930MX,Ultra-Premium,796.5751295336788,50.0,Powerful and Reliable,1587.39
dell,Chromebook 11,Netbook,11.6,4,chrome os,1.26,295.0,Standard,1366,768,No,No,No,Intel,1.6,Celeron Dual Core N3060,16,0,Flash Storage,No,Intel,HD Graphics 400,Budget,234.12698412698413,50.0,Powerful and Reliable,345.0
msi,GT80S 6QE,Gaming,17.3,16,windows 10,4.5,2349.0,Full HD,1920,1080,No,No,No,Intel,2.7,Core i7 6820HK,128,1024,SSD,HDD,Nvidia,GeForce GTX 980M,Ultra-Premium,522.0,,,2349.0
hp,Omen 17-AN010nv,Gaming,17.3,16,windows 10,3.78,1498.0,Full HD,1920,1080,No,Yes,No,Intel,2.8,Core i7 7700HQ,256,1024,SSD,HDD,Nvidia,GeForce GTX 1050,Premium,396.2962962962963,150.0,Innovation at its Best,1648.0
lenovo,Thinkpad T460s,Ultrabook,14.0,12,windows 10,1.4,1673.0,Full HD,1920,1080,No,Yes,No,Intel,2.6,Core i7 6600U,256,0,SSD,No,Intel,HD Graphics 520,Ultra-Premium,1195.0,60.0,Think Different,1733.0
lenovo,Ideapad 320-15IKBR,Notebook,15.6,12,windows 10,2.2,609.0,Standard,1366,768,Yes,No,No,Intel,1.8,Core i7 8550U,1024,0,HDD,No,Intel,HD Graphics 620,Mid-Range,276.8181818181818,60.0,Think Different,669.0
asus,ROG Strix,Gaming,17.3,8,windows 10,2.73,1770.0,Full HD,1920,1080,No,Yes,No,Intel,2.5,Core i5 7300HQ,128,1024,SSD,HDD,Nvidia,GeForce GTX 1060,Ultra-Premium,648.3516483516484,45.0,Inspiring Innovation,1815.0
asus,TP501UA-CJ131T (i5-7200U/8GB/1TB/W10),2 in 1 Convertible,15.6,8,windows 10,2.2,739.0,Standard,1366,768,Yes,No,No,Intel,2.5,Core i5 7200U,1024,0,HDD,No,Intel,HD Graphics 520,Mid-Range,335.9090909090909,45.0,Inspiring Innovation,784.0
lenovo,IdeaPad 320-15ABR,Notebook,15.6,12,windows 10,2.2,949.0,Full HD,1920,1080,No,No,No,AMD,3.6,A12-Series 9720P,512,0,SSD,No,AMD,Radeon 530,Mid-Range,431.3636363636363,60.0,Think Different,1009.0
dell,Inspiron 3179,2 in 1 Convertible,11.6,4,windows 10,1.39,603.0,Standard,1366,768,Yes,No,No,Intel,1.0,Core M 7Y30,128,0,SSD,No,Intel,HD Graphics 615,Mid-Range,433.8129496402878,50.0,Powerful and Reliable,653.0
samsung,Notebook Odyssey,Notebook,15.6,16,windows 10,2.5,1699.0,Full HD,1920,1080,No,No,No,Intel,2.8,Core i7 7700HQ,128,1024,SSD,HDD,Nvidia,GeForce GTX 1050,Ultra-Premium,679.6,,,1699.0
lenovo,V320-17ISK (i3-6006U/4GB/500GB/FHD/No,Notebook,17.3,4,no os,2.8,529.0,Full HD,1920,1080,No,No,No,Intel,2.0,Core i3 6006U,500,0,HDD,No,Intel,HD Graphics 520,Mid-Range,188.92857142857144,60.0,Think Different,589.0
lenovo,IdeaPad 110-15ISK,Notebook,15.6,8,windows 10,2.29,459.0,Standard,1366,768,No,No,No,Intel,2.3,Core i3 6100U,1024,0,HDD,No,Intel,HD Graphics 520,Budget,200.43668122270745,60.0,Think Different,519.0
lenovo,ThinkPad Yoga,2 in 1 Convertible,13.3,8,windows 10,1.37,2025.0,Full HD,1920,1080,Yes,Yes,No,Intel,2.7,Core i7 7500U,512,0,SSD,No,Intel,HD Graphics 620,Ultra-Premium,1478.1021897810217,60.0,Think Different,2085.0
lenovo,Thinkpad T470p,Notebook,14.0,8,windows 10,1.7,1474.0,Full HD,1920,1080,No,Yes,No,Intel,2.5,Core i5 7300HQ,256,0,SSD,No,Intel,HD Graphics 630,Premium,867.0588235294118,60.0,Think Different,1534.0
dell,Latitude 5289,2 in 1 Convertible,12.5,8,windows 10,1.34,1670.0,Full HD,1920,1080,Yes,No,No,Intel,2.5,Core i5 7200U,256,0,SSD,No,Intel,HD Graphics 620,Ultra-Premium,1246.2686567164178,50.0,Powerful and Reliable,1720.0
dell,Precision 3520,Workstation,15.6,8,windows 10,2.06,1763.0,Full HD,1920,1080,Yes,No,No,Intel,2.8,Core i7 7700HQ,256,0,SSD,No,Nvidia,Quadro M620,Ultra-Premium,855.8252427184466,50.0,Powerful and Reliable,1813.0
hp,EliteBook 850,Notebook,15.6,8,windows 10,1.84,1219.0,Full HD,1920,1080,No,No,No,Intel,2.7,Core i7 7500U,256,0,SSD,No,Intel,HD Graphics 620,Premium,662.5,150.0,Innovation at its Best,1369.0
hp,ProBook 450,Notebook,15.6,4,windows 10,2.1,668.48,Standard,1366,768,No,No,No,Intel,2.4,Core i3 7100U,500,0,HDD,No,Intel,HD Graphics 620,Mid-Range,318.3238095238096,150.0,Innovation at its Best,818.48
acer,Aspire 1,Notebook,14.0,4,windows 10,1.6,329.0,Full HD,1920,1080,No,No,No,Intel,1.1,Celeron Quad Core N3450,32,0,Flash Storage,No,Intel,HD Graphics 500,Budget,205.625,55.0,Explore Beyond Limits,384.0
msi,Laptop MSI,Gaming,17.3,16,windows 10,4.14,2199.0,Full HD,1920,1080,No,No,No,Intel,2.7,Core i7 6820HK,128,1024,SSD,HDD,Nvidia,GeForce GTX 970M,Ultra-Premium,531.1594202898551,,,2199.0
dell,Vostro 3568,Notebook,15.6,4,linux,2.18,465.0,Standard,1366,768,No,No,No,Intel,2.0,Core i3 6006U,1024,0,HDD,No,AMD,Radeon R5 M420,Budget,213.30275229357795,50.0,Powerful and Reliable,515.0
msi,GS63VR 7RF,Gaming,15.6,16,windows 10,1.8,2299.0,4K Ultra HD,3840,2160,No,No,No,Intel,2.8,Core i7 7700HQ,256,2048,SSD,HDD,Nvidia,GeForce GTX 1060,Ultra-Premium,1277.2222222222222,,,2299.0
toshiba,Tecra Z50-C-144,Notebook,15.6,8,windows 10,2.2,1399.0,Full HD,1920,1080,No,Yes,No,Intel,2.5,Core i7 6500U,256,0,SSD,No,Intel,HD Graphics 520,Premium,635.9090909090909,,,1399.0
lenovo,IdeaPad 310-15IKB,Notebook,15.6,6,windows 10,2.4,564.0,Full HD,1920,1080,No,No,No,Intel,2.5,Core i5 7200U,1024,0,HDD,No,Intel,HD Graphics 620,Mid-Range,235.0,60.0,Think Different,624.0
lenovo,Yoga 720-15IKB,2 in 1 Convertible,15.6,8,windows 10,2.0,1299.0,Full HD,1920,1080,Yes,Yes,No,Intel,2.8,Core i7 7700HQ,256,0,SSD,No,Intel,HD Graphics 630,Premium,649.5,60.0,Think Different,1359.0
acer,Swift SF114-31-P5HY,Notebook,14.0,4,windows 10,1.6,349.0,Standard,1366,768,No,No,No,Intel,1.6,Pentium Quad Core N3710,128,0,Flash Storage,No,Intel,HD Graphics 405,Budget,218.125,55.0,Explore Beyond Limits,404.0
lenovo,Thinkpad P51,Notebook,15.6,32,windows 10,2.5,4899.0,4K Ultra HD,3840,2160,No,Yes,No,Intel,3.1,Xeon E3-1535M v6,1024,0,SSD,No,Nvidia,Quadro M2200M,Ultra-Premium,1959.6,60.0,Think Different,4959.0
dell,Inspiron 7559,Gaming,15.6,16,windows 10,2.59,879.01,Full HD,1920,1080,No,No,No,Intel,2.6,Core i7 6700HQ,1024,0,HDD,No,Nvidia,GeForce GTX 960<U+039C>,Mid-Range,339.3861003861004,50.0,Powerful and Reliable,929.01
dell,Vostro 3568,Notebook,15.6,4,linux,2.18,443.9,Standard,1366,768,No,No,No,Intel,2.0,Core i3 6006U,1024,0,HDD,No,Intel,HD Graphics 520,Budget,203.6238532110092,50.0,Powerful and Reliable,493.9
dell,Inspiron 3567,Notebook,15.6,4,linux,2.25,359.0,Standard,1366,768,No,No,No,Intel,2.0,Core i3 6006U,1024,0,HDD,No,Intel,HD Graphics 520,Budget,159.55555555555554,50.0,Powerful and Reliable,409.0
dell,Latitude 5580,Notebook,15.6,4,linux,1.93,869.0,Standard,1366,768,No,No,No,Intel,2.6,Core i5 7300U,500,0,HDD,No,Intel,HD Graphics 620,Mid-Range,450.25906735751295,50.0,Powerful and Reliable,919.0
asus,FX753VD-GC007T (i7-7700HQ/8GB/1TB,Gaming,17.3,8,windows 10,3.0,1168.0,Full HD,1920,1080,No,No,No,Intel,2.8,Core i7 7700HQ,128,1024,SSD,HDD,Nvidia,GeForce GTX 1050,Premium,389.3333333333333,45.0,Inspiring Innovation,1213.0
dell,Vostro 3568,Notebook,15.6,4,linux,2.18,569.0,Full HD,1920,1080,No,No,No,Intel,2.5,Core i5 7200U,128,0,SSD,No,AMD,Radeon R5 M420,Mid-Range,261.0091743119266,50.0,Powerful and Reliable,619.0
hp,EliteBook 850,Ultrabook,15.6,8,windows 10,1.84,1389.0,Full HD,1920,1080,No,No,No,Intel,2.7,Core i7 7500U,512,0,SSD,No,Intel,HD Graphics 620,Premium,754.891304347826,150.0,Innovation at its Best,1539.0
msi,GT62VR 7RE,Gaming,15.6,16,windows 10,2.94,2267.86,Full HD,1920,1080,No,No,No,Intel,2.8,Core i7 7700HQ,256,1024,SSD,HDD,Nvidia,GeForce GTX 1070,Ultra-Premium,771.3809523809524,,,2267.86
acer,CB5-132T-C9KK (N3160/4GB/32GB/Chrome,2 in 1 Convertible,11.6,4,chrome os,1.25,379.0,Standard,1366,768,Yes,Yes,No,Intel,1.6,Celeron Quad Core N3160,32,0,Flash Storage,No,Intel,HD Graphics 400,Budget,303.2,55.0,Explore Beyond Limits,434.0
hp,ProBook 650,Notebook,14.0,8,windows 10,2.31,1124.0,Standard,1366,768,No,No,No,Intel,2.6,Core i5 7300U,256,0,SSD,No,Intel,HD Graphics 620,Premium,486.5800865800866,150.0,Innovation at its Best,1274.0
lenovo,ThinkPad T470,Notebook,14.0,8,windows 7,1.65,1465.0,Full HD,1920,1080,No,No,No,Intel,2.3,Core i5 6200U,256,0,SSD,No,Intel,HD Graphics 520,Premium,887.8787878787879,60.0,Think Different,1525.0
dell,Inspiron 5570,Notebook,15.6,4,windows 10,2.2,776.0,Full HD,1920,1080,No,No,No,Intel,1.6,Core i5 8250U,1024,0,HDD,No,AMD,Radeon 530,Mid-Range,352.7272727272727,50.0,Powerful and Reliable,826.0
fujitsu,LifeBook A557,Notebook,15.6,8,windows 10,2.2,799.0,Standard,1366,768,No,No,No,Intel,2.5,Core i5 7200U,256,0,SSD,No,Intel,HD Graphics 620,Mid-Range,363.1818181818181,,,799.0
hp,EliteBook 850,Notebook,15.6,4,windows 7,1.88,932.0,Standard,1366,768,No,No,No,Intel,2.3,Core i5 6200U,500,0,HDD,No,Intel,HD Graphics 520,Mid-Range,495.74468085106383,150.0,Innovation at its Best,1082.0
lenovo,IdeaPad 320-15IKB,Notebook,15.6,8,windows 10,2.2,899.0,Full HD,1920,1080,No,No,No,Intel,2.7,Core i7 7500U,1024,0,HDD,No,Nvidia,GeForce 920MX,Mid-Range,408.6363636363636,60.0,Think Different,959.0
mediacom,SmartBook 140,Notebook,14.0,2,windows 10,1.4,239.0,Full HD,1920,1080,No,No,No,Intel,1.44,Atom x5-Z8350,32,0,Flash Storage,No,Intel,HD Graphics,Budget,170.71428571428572,,,239.0
lenovo,IdeaPad 320-15IKBN,Notebook,15.6,4,no os,2.2,468.0,Full HD,1920,1080,No,No,No,Intel,2.5,Core i5 7200U,128,0,SSD,No,Intel,HD Graphics 620,Budget,212.72727272727272,60.0,Think Different,528.0
asus,Q304UA-BHI5T11 (i5-7200U/6GB/1TB/FHD/W10),2 in 1 Convertible,13.3,6,windows 10,1.5,639.01,Full HD,1920,1080,Yes,No,No,Intel,2.5,Core i5 7200U,1024,0,HDD,No,Intel,HD Graphics 620,Mid-Range,426.00666666666666,45.0,Inspiring Innovation,684.01
dell,XPS 15,Notebook,15.6,8,windows 10,2.0,1820.0,Full HD,1920,1080,No,No,No,Intel,2.8,Core i7 7700HQ,256,0,SSD,No,Nvidia,GeForce GTX 1050,Ultra-Premium,910.0,50.0,Powerful and Reliable,1870.0
asus,ZenBook 3,Ultrabook,14.0,16,windows 10,1.1,1900.0,Full HD,1920,1080,No,No,No,Intel,2.7,Core i7 7500U,512,0,SSD,No,Intel,HD Graphics 620,Ultra-Premium,1727.272727272727,45.0,Inspiring Innovation,1945.0
dell,Inspiron 7567,Gaming,15.6,16,windows 10,2.62,1479.0,Full HD,1920,1080,No,No,No,Intel,2.8,Core i7 7700HQ,256,1024,SSD,HDD,Nvidia,GeForce GTX 1050 Ti,Premium,564.5038167938931,50.0,Powerful and Reliable,1529.0
lenovo,V330-15IKB (i5-8250U/4GB/256GB/FHD/W10),Notebook,15.6,4,windows 10,1.8,829.0,Full HD,1920,1080,No,No,No,Intel,1.6,Core i5 8250U,256,0,SSD,No,Intel,UHD Graphics 620,Mid-Range,460.55555555555554,60.0,Think Different,889.0
lenovo,Ideapad 320-15ISK,Notebook,15.6,4,windows 10,2.2,579.0,Full HD,1920,1080,No,No,No,Intel,2.0,Core i3 6006U,1024,0,HDD,No,Nvidia,GeForce 920MX ,Mid-Range,263.1818181818182,60.0,Think Different,639.0
asus,X541NA-GO414T (N3350/8GB/1TB/W10),Notebook,15.6,8,windows 10,2.0,399.0,Standard,1366,768,No,No,No,Intel,1.1,Celeron Dual Core N3350,1024,0,HDD,No,Intel,HD Graphics 500,Budget,199.5,45.0,Inspiring Innovation,444.0
asus,VivoBook Pro,Notebook,15.6,8,windows 10,1.99,906.62,Full HD,1920,1080,No,No,No,Intel,2.5,Core i5 7300HQ,1024,0,HDD,No,Nvidia,GeForce GTX 1050,Mid-Range,455.5879396984925,45.0,Inspiring Innovation,951.62
dell,XPS 13,Ultrabook,13.3,8,windows 10,1.23,1869.0,Quad HD+,3200,1800,Yes,No,No,Intel,1.6,Core i5 8250U,256,0,SSD,No,Intel,UHD Graphics 620,Ultra-Premium,1519.5121951219512,50.0,Powerful and Reliable,1919.0
lenovo,IdeaPad 100S-14IBR,Notebook,14.0,2,windows 10,1.42,249.0,Standard,1366,768,No,No,No,Intel,1.6,Celeron Dual Core N3060,32,0,Flash Storage,No,Intel,HD Graphics 400,Budget,175.35211267605635,60.0,Think Different,309.0
lenovo,Thinkpad Yoga,2 in 1 Convertible,13.3,8,windows 10,1.37,1757.42,Full HD,1920,1080,Yes,Yes,No,Intel,2.7,Core i7 7500U,256,0,SSD,No,Intel,HD Graphics 620,Ultra-Premium,1282.7883211678832,60.0,Think Different,1817.42
dell,XPS 15,Notebook,15.6,16,windows 10,2.06,2399.0,4K Ultra HD,3840,2160,Yes,No,No,Intel,2.8,Core i7 7700HQ,1024,0,SSD,No,Nvidia,GeForce GTX 1050,Ultra-Premium,1164.5631067961165,50.0,Powerful and Reliable,2449.0
lenovo,Legion Y520-15IKBN,Gaming,15.6,8,windows 10,2.5,1109.0,Full HD,1920,1080,No,Yes,No,Intel,2.8,Core i7 7700HQ,128,1024,SSD,HDD,Nvidia,GeForce GTX 1050M,Premium,443.6,60.0,Think Different,1169.0
hp,17-AK091ND (A9-9420/8GB/1TB/W10),Notebook,17.0,8,windows 10,2.6,520.9,Standard,1600,900,No,No,No,AMD,3.0,A9-Series 9420,1024,0,HDD,No,AMD,Radeon R5,Mid-Range,200.34615384615384,150.0,Innovation at its Best,670.9
lenovo,ThinkPad X1,Ultrabook,14.0,16,windows 10,1.14,2450.0,Full HD,1920,1080,No,Yes,No,Intel,2.7,Core i7 7500U,512,0,SSD,No,Intel,HD Graphics 620,Ultra-Premium,2149.122807017544,60.0,Think Different,2510.0
asus,ROG GL553VE-FY022,Gaming,15.6,8,no os,2.5,1169.0,Full HD,1920,1080,No,Yes,No,Intel,2.8,Core i7 7700HQ,1024,0,HDD,No,Nvidia,GeForce GTX 1050 Ti,Premium,467.6,45.0,Inspiring Innovation,1214.0
acer,Extensa EX2540,Notebook,15.6,4,windows 10,2.4,450.0,Standard,1366,768,No,No,No,Intel,2.0,Core i3 6006U,500,0,HDD,No,Intel,HD Graphics 520,Budget,187.5,55.0,Explore Beyond Limits,505.0
lenovo,IdeaPad 100S-14IBR,Notebook,14.0,4,windows 10,1.43,274.0,Standard,1366,768,No,No,No,Intel,1.6,Celeron Dual Core N3060,32,0,Flash Storage,No,Intel,HD Graphics,Budget,191.60839160839163,60.0,Think Different,334.0
acer,Swift 3,Ultrabook,14.0,8,windows 10,1.8,919.0,Full HD,1920,1080,No,Yes,No,Intel,2.5,Core i5 7200U,256,0,SSD,No,Intel,Graphics 620,Mid-Range,510.55555555555554,55.0,Explore Beyond Limits,974.0
razer,Blade Pro,Gaming,14.0,16,windows 10,1.95,2599.0,Full HD,1920,1080,No,No,No,Intel,2.8,Core i7 7700HQ,256,0,SSD,No,Nvidia,GeForce GTX 1060,Ultra-Premium,1332.820512820513,,,2599.0
toshiba,Portege Z30-C-16J,Notebook,13.3,8,windows 10,1.2,1213.0,Full HD,1920,1080,No,No,No,Intel,2.3,Core i5 6200U,256,0,SSD,No,Intel,HD Graphics 520,Premium,1010.8333333333334,,,1213.0
lenovo,Thinkpad X270,Ultrabook,12.5,8,windows 10,1.36,1584.0,Full HD,1920,1080,No,Yes,No,Intel,2.7,Core i7 7500U,256,0,SSD,No,Intel,HD Graphics 620,Ultra-Premium,1164.705882352941,60.0,Think Different,1644.0
asus,ROG G701VI,Gaming,17.3,32,windows 10,3.8,2799.0,Full HD,1920,1080,No,Yes,No,Intel,2.7,Core i7 6820HK,512,0,SSD,No,Nvidia,GeForce GTX 1080,Ultra-Premium,736.578947368421,45.0,Inspiring Innovation,2844.0
acer,A715-71G-59DH (i5-7300HQ/8GB/1TB/GeForce,Gaming,15.6,8,linux,2.4,709.0,Full HD,1920,1080,No,No,No,Intel,2.5,Core i5 7300HQ,1024,0,HDD,No,Nvidia,GeForce GTX 1050,Mid-Range,295.4166666666667,55.0,Explore Beyond Limits,764.0
dell,XPS 13,Ultrabook,13.3,8,windows 10,1.2,1449.9,Full HD,1920,1080,No,No,No,Intel,1.6,Core i5 8250U,256,0,SSD,No,Intel,UHD Graphics 620,Premium,1208.2500000000002,50.0,Powerful and Reliable,1499.9
msi,GL62M 7REX,Gaming,15.6,8,windows 10,2.2,1191.8,Full HD,1920,1080,No,No,No,Intel,2.8,Core i7 7700HQ,128,1024,SSD,HDD,Nvidia,GeForce GTX 1050 Ti,Premium,541.7272727272726,,,1191.8
hp,250 G6,Notebook,15.6,4,no os,1.86,364.9,Standard,1366,768,No,No,No,Intel,2.0,Core i3 6006U,500,0,HDD,No,Intel,HD Graphics 520,Budget,196.1827956989247,150.0,Innovation at its Best,514.9
toshiba,Tecra A50-D-11M,Notebook,15.6,8,windows 10,2.0,1064.0,Full HD,1920,1080,No,Yes,No,Intel,2.5,Core i5 7200U,500,0,HDD,No,Intel,HD Graphics 620,Premium,532.0,,,1064.0
dell,Inspiron 5570,Notebook,15.6,8,windows 10,2.2,919.0,Full HD,1920,1080,No,No,No,Intel,1.8,Core i7 8550U,256,0,SSD,No,AMD,Radeon 530,Mid-Range,417.7272727272727,50.0,Powerful and Reliable,969.0
dell,Inspiron 5570,Notebook,15.6,16,windows 10,2.2,1135.0,Full HD,1920,1080,No,No,No,Intel,1.8,Core i7 8550U,256,2048,SSD,HDD,AMD,Radeon 530,Premium,515.9090909090909,50.0,Powerful and Reliable,1185.0
lenovo,IdeaPad Y700-15ISK,Gaming,15.6,8,windows 10,3.31,1196.0,Full HD,1920,1080,No,Yes,No,Intel,2.6,Core i7 6700HQ,128,1024,SSD,HDD,Nvidia,GeForce GTX 960,Premium,361.3293051359517,60.0,Think Different,1256.0
dell,Alienware 17,Gaming,17.3,32,windows 10,4.42,3147.37,4K Ultra HD,3840,2160,No,Yes,No,Intel,2.8,Core i7 7700HQ,512,1024,SSD,HDD,Nvidia,GeForce GTX 1070,Ultra-Premium,712.0746606334842,50.0,Powerful and Reliable,3197.37
dell,Latitude E7470,Notebook,14.0,8,windows 10,1.56,1229.0,Full HD,1920,1080,No,No,No,Intel,2.4,Core i5 6300U,256,0,SSD,No,Intel,HD Graphics 520,Premium,787.8205128205128,50.0,Powerful and Reliable,1279.0
lenovo,Ideapad 320-15IAP,Notebook,15.6,4,windows 10,2.2,419.0,Standard,1366,768,No,No,No,Intel,1.1,Celeron Dual Core N3350,500,0,HDD,No,Intel,HD Graphics 500,Budget,190.45454545454544,60.0,Think Different,479.0
lenovo,IdeaPad 320-15ISK,Notebook,15.6,4,windows 10,2.2,535.0,Full HD,1920,1080,No,No,No,Intel,2.3,Core i5 6200U,500,0,HDD,No,Intel,HD Graphics 520,Mid-Range,243.18181818181816,60.0,Think Different,595.0
hp,15-ay047nv (i3-6006U/6GB/1TB/Radeon,Notebook,15.6,6,windows 10,2.04,539.0,Standard,1920,1080,No,No,No,Intel,2.0,Core i3 6006U,1024,0,HDD,No,AMD,Radeon R5 M430,Mid-Range,264.2156862745098,150.0,Innovation at its Best,689.0
msi,GP72VR Leopard,Gaming,17.3,8,windows 10,2.7,1486.77,Full HD,1920,1080,No,No,No,Intel,2.8,Core i7 7700HQ,128,1024,SSD,HDD,Nvidia,GeForce GTX 1060,Premium,550.6555555555556,,,1486.77
toshiba,Satellite Pro,Notebook,15.6,4,windows 10,2.1,498.0,Standard,1366,768,No,No,No,Intel,2.1,Core i3 6100U,128,0,SSD,No,Intel,HD Graphics 520,Budget,237.14285714285717,,,498.0
dell,Latitude 3580,Notebook,15.6,8,windows 10,2.06,955.0,Full HD,1920,1080,No,No,No,Intel,2.5,Core i5 7200U,1024,0,HDD,No,Intel,HD Graphics 620,Mid-Range,463.5922330097087,50.0,Powerful and Reliable,1005.0
hp,15-bs012nv (i7-7500U/8GB/1TB/Radeon,Notebook,15.6,8,windows 10,2.1,745.0,Full HD,1920,1080,No,No,No,Intel,2.7,Core i7 7500U,1024,0,HDD,No,AMD,Radeon 530,Mid-Range,354.7619047619048,150.0,Innovation at its Best,895.0
toshiba,Tecra Z50-D-10E,Notebook,15.6,8,windows 10,2.0,1258.0,Full HD,1920,1080,No,Yes,No,Intel,2.5,Core i5 7200U,256,0,SSD,No,Intel,HD Graphics 620,Premium,629.0,,,1258.0
acer,Aspire 3,Notebook,15.6,4,linux,2.1,412.0,Standard,1366,768,No,No,No,Intel,2.0,Core i3 6006U,128,0,SSD,No,Intel,HD Graphics 520,Budget,196.19047619047615,55.0,Explore Beyond Limits,467.0
microsoft,Surface Laptop,Ultrabook,13.5,8,windows 10 s,1.252,1867.85,Standard,2256,1504,Yes,No,No,Intel,2.8,Core i7 7600U,256,0,SSD,No,Intel,Iris Plus Graphics 640,Ultra-Premium,1491.8929712460065,,,1867.85
lenovo,V310-15ISK (i5-7200U/8GB/1TB,Notebook,15.6,8,windows 10,1.9,817.95,Full HD,1920,1080,No,No,No,Intel,2.5,Core i5 7200U,128,1024,SSD,HDD,AMD,Radeon R5 M430,Mid-Range,430.50000000000006,60.0,Think Different,877.95
lenovo,Yoga 720-13IKB,2 in 1 Convertible,13.3,8,windows 10,1.3,1034.0,Full HD,1920,1080,Yes,Yes,No,Intel,2.5,Core i5 7200U,256,0,SSD,No,Intel,HD Graphics 620,Premium,795.3846153846154,60.0,Think Different,1094.0
lenovo,IdeaPad 320-15AST,Notebook,15.6,4,windows 10,2.2,349.0,Standard,1366,768,No,No,No,AMD,2.2,E-Series E2-9000,128,0,SSD,No,AMD,Radeon R2 Graphics,Budget,158.63636363636363,60.0,Think Different,409.0
hp,Pavilion X360,2 in 1 Convertible,14.0,4,windows 10,1.63,699.0,Full HD,1920,1080,Yes,Yes,No,Intel,2.4,Core i3 7100U,128,0,SSD,No,Nvidia,GeForce 940MX,Mid-Range,428.8343558282209,150.0,Innovation at its Best,849.0
msi,GP62 7RDX,Gaming,15.6,16,windows 10,2.4,1294.0,Full HD,1920,1080,No,No,No,Intel,2.8,Core i7 7700HQ,256,1024,SSD,HDD,Nvidia,GeForce GTX 1050,Premium,539.1666666666667,,,1294.0
asus,Zenbook 3,Ultrabook,14.0,8,windows 10,1.1,1135.0,Full HD,1920,1080,No,No,No,Intel,2.5,Core i5 7200U,256,0,SSD,No,Intel,HD Graphics 620,Premium,1031.8181818181818,45.0,Inspiring Innovation,1180.0
hp,Chromebook X360,2 in 1 Convertible,11.6,8,chrome os,1.4,495.0,Standard,1366,768,Yes,No,No,Intel,1.1,Celeron Dual Core N3350,64,0,Flash Storage,No,Intel,HD Graphics 500,Budget,353.5714285714286,150.0,Innovation at its Best,645.0
lg,Gram 15Z975,Ultrabook,15.6,8,windows 10,1.09,2299.0,Full HD,1920,1080,No,Yes,No,Intel,1.8,Core i7 8550U,512,0,SSD,No,Intel,HD Graphics 620,Ultra-Premium,2109.174311926605,,,2299.0
acer,Aspire VX5-591G,Gaming,15.6,16,windows 10,2.5,1299.0,Full HD,1920,1080,No,No,No,Intel,2.5,Core i5 7300HQ,256,0,SSD,No,Nvidia,GeForce GTX 1050 Ti,Premium,519.6,55.0,Explore Beyond Limits,1354.0
msi,GV62M 7RD,Gaming,15.6,8,windows 10,2.2,997.9,Full HD,1920,1080,No,No,No,Intel,2.5,Core i5 7300HQ,256,0,SSD,No,Nvidia,GeForce GTX 1050,Mid-Range,453.59090909090907,,,997.9
asus,L502NA-GO052T (N3350/4GB/128GB/W10),Notebook,15.6,4,windows 10,1.86,419.0,Standard,1366,768,No,No,No,Intel,1.1,Celeron Dual Core N3350,128,0,SSD,No,Intel,HD Graphics 500,Budget,225.26881720430103,45.0,Inspiring Innovation,464.0
dell,Alienware 15,Gaming,15.6,16,windows 10,3.21,2051.0,Full HD,1920,1080,No,No,No,Intel,2.5,Core i5 7300HQ,128,1024,SSD,HDD,Nvidia,GeForce GTX 1060,Ultra-Premium,638.9408099688474,50.0,Powerful and Reliable,2101.0
hp,17-bs000nv I3,Notebook,17.3,4,windows 10,2.5,699.0,Full HD,1920,1080,No,Yes,No,Intel,2.0,Core i3 6006U,256,0,SSD,No,AMD,Radeon R5 520,Mid-Range,279.6,150.0,Innovation at its Best,849.0
lenovo,Yoga 730,2 in 1 Convertible,13.3,8,windows 10,1.19,1499.0,Full HD,1920,1080,Yes,Yes,No,Intel,1.8,Core i7 8550U,512,0,SSD,No,Intel,UHD Graphics 620,Premium,1259.6638655462186,60.0,Think Different,1559.0
dell,Alienware 15,Gaming,15.6,16,windows 10,3.49,2813.75,Full HD,1920,1080,No,No,No,Intel,2.9,Core i7 7820HK,256,1024,SSD,HDD,Nvidia,GeForce GTX 1070,Ultra-Premium,806.2320916905444,50.0,Powerful and Reliable,2863.75
hp,250 G6,Notebook,15.6,4,windows 10,1.86,612.61,Standard,1366,768,No,No,No,Intel,2.5,Core i5 7200U,500,0,HDD,No,AMD,Radeon 520,Mid-Range,329.36021505376345,150.0,Innovation at its Best,762.61
dell,Inspiron 3567,Notebook,15.6,4,windows 10,2.2,545.67,Standard,1366,768,No,No,No,Intel,2.0,Core i3 6006U,1024,0,HDD,No,AMD,Radeon R5 M430,Mid-Range,248.03181818181812,50.0,Powerful and Reliable,595.67
hp,17-Y002nv (A10-9600P/6GB/2TB/Radeon,Notebook,17.3,6,windows 10,2.65,569.0,Full HD,1920,1080,No,Yes,No,AMD,2.4,A10-Series 9600P,2048,0,HDD,No,AMD,Radeon R7 M440,Mid-Range,214.7169811320755,150.0,Innovation at its Best,719.0
lenovo,V110-15ISK (3855U/4GB/500GB/W10),Notebook,15.6,4,windows 10,2.1,318.0,Standard,1366,768,No,No,No,Intel,1.6,Celeron Dual Core 3855U,500,0,HDD,No,Intel,HD Graphics 510,Budget,151.42857142857142,60.0,Think Different,378.0
acer,Chromebook 14,Notebook,14.0,4,chrome os,1.45,375.0,Standard,1366,768,No,No,No,Intel,1.6,Celeron Dual Core 3855U,32,0,Flash Storage,No,Intel,HD Graphics 510,Budget,258.62068965517244,55.0,Explore Beyond Limits,430.0
lenovo,IdeaPad 520s-14IKB,Notebook,14.0,4,windows 10,1.7,699.0,Full HD,1920,1080,No,No,No,Intel,2.5,Core i5 7200U,256,0,SSD,No,Intel,HD Graphics 620,Mid-Range,411.1764705882353,60.0,Think Different,759.0
hp,ZBook 17,Workstation,17.3,8,windows 10,3.14,1907.99,Full HD,1920,1080,No,No,No,Intel,2.8,Core i7 7700HQ,500,0,HDD,No,Nvidia,Quadro M1200,Ultra-Premium,607.640127388535,150.0,Innovation at its Best,2057.99
lenovo,ThinkPad X1,2 in 1 Convertible,14.0,8,windows 10,1.42,2590.0,Standard,2560,1440,Yes,No,No,Intel,2.7,Core i7 7500U,256,0,SSD,No,Intel,HD Graphics 620,Ultra-Premium,1823.943661971831,60.0,Think Different,2650.0
toshiba,Satellite Pro,Notebook,13.3,8,windows 10,1.5,973.0,Full HD,1920,1080,No,Yes,No,Intel,2.5,Core i5 7200U,256,0,SSD,No,Intel,HD Graphics 620,Mid-Range,648.6666666666666,,,973.0
acer,TravelMate B117-M,Netbook,11.6,4,windows 10,1.4,269.0,Standard,1366,768,No,No,No,Intel,1.6,Celeron Dual Core N3050,32,0,Flash Storage,No,Intel,HD Graphics,Budget,192.1428571428572,55.0,Explore Beyond Limits,324.0
lenovo,Yoga 910-13IKB,2 in 1 Convertible,14.0,16,windows 10,1.38,1749.0,Full HD,1920,1080,Yes,No,No,Intel,2.7,Core i7 7500U,512,0,SSD,No,Intel,HD Graphics 620,Ultra-Premium,1267.3913043478262,60.0,Think Different,1809.0
asus,Chromebook Flip,2 in 1 Convertible,12.5,4,chrome os,1.2,669.0,Full HD,1920,1080,Yes,No,No,Intel,0.9,Core M M3-6Y30,64,0,Flash Storage,No,Intel,HD Graphics 515,Mid-Range,557.5,45.0,Inspiring Innovation,714.0
toshiba,Portege Z30T-C-133,Ultrabook,13.3,16,windows 10,1.36,1877.0,Full HD,1920,1080,Yes,No,No,Intel,2.5,Core i7 6500U,512,0,SSD,No,Intel,HD Graphics 520,Ultra-Premium,1380.1470588235293,,,1877.0
hp,15-bs011nv (i7-7500U/4GB/500GB/Radeon,Notebook,15.6,4,windows 10,2.1,689.0,Full HD,1920,1080,No,Yes,No,Intel,2.7,Core i7 7500U,500,0,HDD,No,AMD,Radeon 530,Mid-Range,328.0952380952381,150.0,Innovation at its Best,839.0
dell,Inspiron 5577,Gaming,15.6,8,windows 10,2.56,819.0,Full HD,1920,1080,No,No,No,Intel,2.5,Core i5 7300HQ,1024,0,HDD,No,Nvidia,GeForce GTX 1050,Mid-Range,319.921875,50.0,Powerful and Reliable,869.0
lenovo,IdeaPad 320-15AST,Notebook,15.6,4,windows 10,2.2,399.0,Full HD,1920,1080,No,No,No,AMD,2.9,A9-Series 9420,256,0,SSD,No,AMD,Radeon 530,Budget,181.36363636363637,60.0,Think Different,459.0
lenovo,IdeaPad 320-15ABR,Notebook,15.6,8,windows 10,2.2,429.0,Standard,1366,768,No,No,No,AMD,3.6,A12-Series 9720P,1024,0,HDD,No,AMD,Radeon R7,Budget,195.0,60.0,Think Different,489.0
lenovo,V310-15IKB (i5-7200U/4GB/1TB/FHD/W10),Notebook,15.6,4,windows 10,2.1,621.45,Full HD,1920,1080,No,No,No,Intel,2.5,Core i5 7200U,1024,1024,HDD,HDD,Intel,HD Graphics 620,Mid-Range,295.92857142857144,60.0,Think Different,681.45
lenovo,V310-15ISK (i3-6006U/4GB/500GB/No,Notebook,15.6,4,no os,1.9,450.0,Standard,1366,768,No,No,No,Intel,2.0,Core i3 6006U,500,0,HDD,No,Intel,HD Graphics 520,Budget,236.84210526315792,60.0,Think Different,510.0
dell,Vostro 5568,Notebook,15.6,8,windows 10,2.18,795.0,Full HD,1920,1080,No,No,No,Intel,2.5,Core i5 7200U,256,0,SSD,No,Intel,HD Graphics 620,Mid-Range,364.6788990825688,50.0,Powerful and Reliable,845.0
acer,Spin 5,2 in 1 Convertible,13.3,8,windows 10,1.6,999.0,Full HD,1920,1080,Yes,Yes,No,Intel,1.6,Core i5 8250U,256,0,SSD,No,Intel,UHD Graphics 620,Mid-Range,624.375,55.0,Explore Beyond Limits,1054.0
lenovo,ThinkPad P51s,Workstation,15.6,16,windows 7,2.18,1855.0,Full HD,1920,1080,No,No,No,Intel,2.5,Core i7 6500U,512,0,SSD,No,Nvidia,Quadro M520M,Ultra-Premium,850.9174311926605,60.0,Think Different,1915.0
lenovo,Thinkpad T460p,Notebook,14.0,8,windows 10,1.8,1191.0,Full HD,1920,1080,No,No,No,Intel,2.3,Core i5 6300HQ,256,0,SSD,No,Intel,HD Graphics 520,Premium,661.6666666666666,60.0,Think Different,1251.0
hp,17-ak002nv (A10-9620P/6GB/2TB/Radeon,Notebook,17.3,6,windows 10,2.71,655.01,Full HD,1920,1080,No,Yes,No,AMD,2.5,A10-Series 9620P,2048,0,HDD,No,AMD,Radeon 530,Mid-Range,241.7011070110701,150.0,Innovation at its Best,805.01
lenovo,Legion Y520-15IKBN,Gaming,15.6,8,windows 10,2.5,1249.0,Full HD,1920,1080,No,Yes,No,Intel,2.8,Core i7 7700HQ,128,1024,SSD,HDD,Nvidia,GeForce GTX 1050 Ti,Premium,499.6,60.0,Think Different,1309.0
dell,Latitude 5480,Notebook,14.0,8,linux,1.64,1089.0,Full HD,1920,1080,No,No,No,Intel,2.8,Core i5 7440HQ,256,0,SSD,No,Nvidia,GeForce 930MX,Premium,664.0243902439025,50.0,Powerful and Reliable,1139.0
dell,Vostro 5568,Notebook,15.6,8,linux,1.98,726.0,Full HD,1920,1080,No,No,No,Intel,2.5,Core i5 7200U,1024,0,HDD,No,Intel,HD Graphics 620,Mid-Range,366.6666666666667,50.0,Powerful and Reliable,776.0
asus,VivoBook E403NA,Notebook,14.0,4,windows 10,1.5,298.0,Full HD,1920,1080,No,No,No,Intel,1.1,Celeron Dual Core N3350,32,0,Flash Storage,No,Intel,HD Graphics 500,Budget,198.66666666666663,45.0,Inspiring Innovation,343.0
dell,Latitude 5580,Notebook,15.6,16,windows 10,1.93,1426.66,Full HD,1920,1080,No,No,No,Intel,2.6,Core i5 7300U,512,0,SSD,No,Intel,HD Graphics 620,Premium,739.2020725388602,50.0,Powerful and Reliable,1476.66
lenovo,Thinkpad E470,Notebook,14.0,8,windows 10,1.87,857.07,Full HD,1920,1080,No,Yes,No,Intel,2.5,Core i5 7200U,256,0,SSD,No,Nvidia,GeForce 920MX,Mid-Range,458.32620320855614,60.0,Think Different,917.07
dell,Latitude 5580,Notebook,15.6,8,windows 10,1.9,1179.0,Full HD,1920,1080,No,No,No,Intel,2.6,Core i5 7300U,256,0,SSD,No,Intel,HD Graphics 620,Premium,620.5263157894738,50.0,Powerful and Reliable,1229.0
lenovo,110-15ACL (A6-7310/4GB/500GB/W10),Notebook,15.6,4,windows 10,2.19,298.0,Standard,1366,768,No,No,No,AMD,2.0,A6-Series 7310,500,0,HDD,No,AMD,Radeon R4,Budget,136.0730593607306,60.0,Think Different,358.0
mediacom,Smartbook 142,Notebook,14.0,4,windows 10,1.4,265.0,Full HD,1920,1200,No,Yes,No,Intel,1.92,Atom Z8350,32,0,HDD,No,Intel,HD Graphics 400,Budget,189.2857142857143,,,265.0
hp,ProBook 470,Notebook,17.3,8,windows 10,2.63,1200.0,Full HD,1920,1080,No,No,No,Intel,2.7,Core i7 7500U,256,0,SSD,No,Nvidia,GeForce 930MX,Premium,456.2737642585552,150.0,Innovation at its Best,1350.0
lenovo,ThinkPad X1,Ultrabook,14.0,8,windows 10,1.17,1686.64,Quad HD+,2560,1440,No,Yes,No,Intel,2.5,Core i7 6500U,512,0,SSD,No,Intel,HD Graphics 520,Ultra-Premium,1441.5726495726497,60.0,Think Different,1746.64
hp,Pavilion X360,2 in 1 Convertible,13.3,8,windows 10,1.58,836.6,Standard,1366,768,Yes,Yes,No,Intel,2.5,Core i5 7200U,256,0,SSD,No,Intel,HD Graphics 620,Mid-Range,529.493670886076,150.0,Innovation at its Best,986.6
lenovo,ThinkPad T470s,Ultrabook,14.0,8,windows 10,1.32,1499.0,Full HD,1920,1080,No,Yes,No,Intel,2.5,Core i5 7200U,256,0,SSD,No,Intel,HD Graphics 620,Premium,1135.6060606060605,60.0,Think Different,1559.0
dell,Alienware 17,Gaming,17.3,32,windows 10,4.36,3659.4,4K Ultra HD,3840,2160,No,No,No,Intel,2.8,Core i7 7700HQ,1024,1024,SSD,HDD,Nvidia,GeForce GTX 1070,Ultra-Premium,839.3119266055046,50.0,Powerful and Reliable,3709.4
msi,GL72M 7REX,Gaming,17.3,8,windows 10,2.7,1348.48,Full HD,1920,1080,No,No,No,Intel,2.8,Core i7 7700HQ,128,1024,SSD,HDD,Nvidia,GeForce GTX 1050 Ti,Premium,499.437037037037,,,1348.48
lenovo,V310-15IKB (i5-7200U/4GB/1TB/No,Notebook,15.6,4,no os,1.9,489.9,Standard,1366,768,No,No,No,Intel,2.5,Core i5 7200U,1024,0,HDD,No,Intel,HD Graphics 620,Budget,257.8421052631579,60.0,Think Different,549.9
dell,Inspiron 5570,Notebook,15.6,8,windows 10,2.2,719.0,Full HD,1920,1080,No,No,No,Intel,1.6,Core i5 8250U,128,1024,SSD,HDD,AMD,Radeon 530,Mid-Range,326.8181818181818,50.0,Powerful and Reliable,769.0
dell,Inspiron 5378,2 in 1 Convertible,13.3,4,windows 10,1.71,649.0,Full HD,1920,1080,Yes,No,No,Intel,2.4,Core i3 7100U,1024,0,HDD,No,Intel,HD Graphics 620,Mid-Range,379.5321637426901,50.0,Powerful and Reliable,699.0
dell,Inspiron 5567,Notebook,15.6,8,linux,2.32,589.52,Standard,1366,768,No,No,No,Intel,2.5,Core i5 7200U,1024,0,HDD,No,AMD,Radeon R7 M445,Mid-Range,254.1034482758621,50.0,Powerful and Reliable,639.52
hp,15-BW037na (A9-9420/4GB/1TB/Radeon,Notebook,15.6,4,windows 10,2.1,489.0,Full HD,1920,1080,No,No,No,AMD,3.0,A9-Series 9420,1024,0,HDD,No,AMD,Radeon 520,Budget,232.8571428571429,150.0,Innovation at its Best,639.0
acer,Predator 17,Gaming,17.3,16,windows 10,4.2,1935.0,Full HD,1920,1080,No,Yes,No,Intel,2.6,Core i7 6700HQ,128,1024,SSD,HDD,Nvidia,GeForce GTX 1060,Ultra-Premium,460.7142857142857,55.0,Explore Beyond Limits,1990.0
dell,Inspiron 3567,Notebook,15.6,12,windows 10,2.25,649.0,Standard,1366,768,No,No,No,Intel,2.5,Core i5 7200U,1024,0,HDD,No,Intel,HD Graphics 620,Mid-Range,288.44444444444446,50.0,Powerful and Reliable,699.0
hp,15-BW091ND (A9-9420/6GB/1TB,Notebook,15.6,6,windows 10,2.1,650.0,Full HD,1920,1080,No,No,No,AMD,3.0,A9-Series A9-9420,128,1024,SSD,HDD,AMD,Radeon 520,Mid-Range,309.5238095238095,150.0,Innovation at its Best,800.0
acer,Extensa EX2540-58KR,Notebook,15.6,4,windows 10,2.4,559.0,Standard,1366,768,No,No,No,Intel,2.5,Core i5 7200U,500,0,HDD,No,Intel,HD Graphics 620,Mid-Range,232.91666666666669,55.0,Explore Beyond Limits,614.0
lenovo,ThinkPad 13,Notebook,13.3,8,windows 10,1.44,960.0,Full HD,1920,1080,No,Yes,No,Intel,2.5,Core i5 7200U,256,0,SSD,No,Intel,HD Graphics 620,Mid-Range,666.6666666666667,60.0,Think Different,1020.0
lenovo,V310-15IKB (i7-7500U/4GB/1TB/FHD/W10),Notebook,15.6,4,windows 10,1.85,779.0,Full HD,1920,1080,No,No,No,Intel,2.7,Core i7 7500U,1024,0,HDD,No,Intel,HD Graphics 620,Mid-Range,421.081081081081,60.0,Think Different,839.0
hp,ZBook 15,Workstation,15.6,16,windows 10,2.6,2419.0,Full HD,1920,1080,No,No,No,Intel,2.8,Core i7 7700HQ,256,0,SSD,No,Nvidia,Quadro M2200,Ultra-Premium,930.3846153846154,150.0,Innovation at its Best,2569.0
dell,Inspiron 5379,2 in 1 Convertible,13.3,8,windows 10,1.55,659.0,Full HD,1920,1080,Yes,No,No,Intel,1.6,Core i5 8250U,1024,0,HDD,No,Intel,UHD Graphics 620,Mid-Range,425.1612903225806,50.0,Powerful and Reliable,709.0
msi,GS63VR 7RF,Gaming,15.6,16,windows 10,1.8,2094.48,Full HD,1920,1080,No,No,No,Intel,2.8,Core i7 7700HQ,256,1024,SSD,HDD,Nvidia,GeForce GTX 1060,Ultra-Premium,1163.6,,,2094.48
acer,Aspire ES1-572,Notebook,15.6,4,windows 10,2.4,410.8,Standard,1366,768,No,No,No,Intel,2.0,Core i3 6006U,500,0,HDD,No,Intel,HD Graphics 520,Budget,171.16666666666669,55.0,Explore Beyond Limits,465.8
dell,Inspiron 7560,Notebook,15.6,8,windows 10,2.0,1207.0,Full HD,1920,1080,No,No,No,Intel,2.7,Core i7 7500U,128,1024,SSD,HDD,Nvidia,GeForce 940MX,Premium,603.5,50.0,Powerful and Reliable,1257.0
dell,Vostro 3568,Notebook,15.6,8,windows 10,2.0,665.0,Standard,1366,768,No,No,No,Intel,2.0,Core i3 6006U,256,0,SSD,No,Intel,HD Graphics 520,Mid-Range,332.5,50.0,Powerful and Reliable,715.0
toshiba,Tecra X40-D-10G,Notebook,14.0,8,windows 10,1.25,1535.0,Full HD,1920,1080,Yes,Yes,No,Intel,2.5,Core i5 7200U,256,0,SSD,No,Intel,HD Graphics 620,Ultra-Premium,1228.0,,,1535.0
lenovo,Flex 5,2 in 1 Convertible,14.0,8,windows 10,1.7,999.0,Full HD,1920,1080,Yes,No,No,Intel,2.5,Core i5 7200U,256,0,SSD,No,Intel,HD Graphics 620,Mid-Range,587.6470588235294,60.0,Think Different,1059.0
lenovo,Thinkpad P51s,Workstation,15.6,16,windows 10,2.5,3299.0,4K Ultra HD,3840,2160,No,Yes,No,Intel,2.8,Core i7 7600U,1024,0,SSD,No,Nvidia,Quadro M520M,Ultra-Premium,1319.6,60.0,Think Different,3359.0
acer,Chromebook 14,Notebook,14.0,2,chrome os,1.68,330.0,Standard,1366,768,No,No,No,Intel,1.6,Celeron Dual Core N3060,32,0,Flash Storage,No,Intel,HD Graphics 400,Budget,196.42857142857144,55.0,Explore Beyond Limits,385.0
samsung,Notebook 9,Ultrabook,13.3,16,windows 10,0.81,1649.0,Full HD,1920,1080,No,No,No,Intel,2.7,Core i7 7500U,256,0,SSD,No,Intel,HD Graphics 620,Ultra-Premium,2035.8024691358023,,,1649.0
hp,250 G6,Notebook,15.6,8,windows 10,1.86,539.0,Full HD,1920,1080,No,No,No,Intel,2.0,Core i3 6006U,256,0,SSD,No,Intel,HD Graphics 520,Mid-Range,289.7849462365591,150.0,Innovation at its Best,689.0
dell,Latitude 5480,Notebook,14.0,8,windows 10,1.6,1126.71,Standard,1366,768,No,No,No,Intel,2.5,Core i5 7200U,256,0,SSD,No,Intel,HD Graphics 620,Premium,704.19375,50.0,Powerful and Reliable,1176.71
hp,Zbook 17,Workstation,17.3,16,windows 7,3.0,4389.0,Full HD,1920,1080,No,Yes,No,Intel,2.9,Xeon E3-1535M v5,256,0,SSD,No,Nvidia,Quadro M2000M,Ultra-Premium,1463.0,150.0,Innovation at its Best,4539.0
lenovo,N23 (N3060/4GB/128GB/W10),Netbook,11.6,4,windows 10,1.4,475.0,Standard,1366,768,Yes,No,No,Intel,1.6,Celeron Dual Core N3060,128,0,SSD,No,Intel,HD Graphics 400,Budget,339.28571428571433,60.0,Think Different,535.0
hp,EliteBook 850,Notebook,15.6,8,windows 10,1.84,1900.0,Full HD,1920,1080,No,No,No,Intel,2.4,Core i5 6300U,256,0,SSD,No,Intel,HD Graphics 520,Ultra-Premium,1032.6086956521738,150.0,Innovation at its Best,2050.0
asus,X550VX-XX015D (i5-6300HQ/4GB/1TB/GeForce,Notebook,15.6,4,no os,2.45,579.0,Standard,1366,768,No,No,No,Intel,2.3,Core i5 6300HQ,1024,0,HDD,No,Nvidia,GeForce GTX 950M,Mid-Range,236.32653061224488,45.0,Inspiring Innovation,624.0
lenovo,Thinkpad T460,Ultrabook,14.0,4,windows 10,1.7,1096.0,Full HD,1920,1080,No,No,No,Intel,2.3,Core i5 6200U,180,0,SSD,No,Intel,HD Graphics 520,Premium,644.7058823529412,60.0,Think Different,1156.0
asus,Pro P2540UA-XO0192R,Notebook,15.6,4,windows 10,2.37,849.9,Standard,1366,768,No,No,No,Intel,2.7,Core i7 7500U,256,0,SSD,No,Intel,HD Graphics 620,Mid-Range,358.60759493670884,45.0,Inspiring Innovation,894.9
lenovo,Yoga 900-13ISK,2 in 1 Convertible,13.3,8,windows 10,1.3,1199.0,Quad HD+,3200,1800,Yes,Yes,No,Intel,1.8,Core i5 6260U,256,0,SSD,No,Intel,HD Graphics 540,Premium,922.3076923076924,60.0,Think Different,1259.0
hp,15-cb003na (i5-7300HQ/8GB/1TB,Notebook,15.6,8,windows 10,2.2,1099.0,Full HD,1920,1080,No,Yes,No,Intel,2.5,Core i5 7300HQ,128,1024,SSD,HDD,Nvidia,GeForce GTX 1050,Premium,499.5454545454545,150.0,Innovation at its Best,1249.0
hp,ZBook 15,Workstation,15.6,8,windows 7,2.59,1561.0,Full HD,1920,1080,No,No,No,Intel,2.6,Core i7 6700HQ,256,0,SSD,No,Nvidia,Quadro M1000M,Ultra-Premium,602.7027027027027,150.0,Innovation at its Best,1711.0
dell,Alienware 17,Gaming,15.6,16,windows 10,4.42,2868.99,4K Ultra HD,3840,2160,No,Yes,No,Intel,2.8,Core i7 7700HQ,256,1024,SSD,HDD,Nvidia,GeForce GTX 1070,Ultra-Premium,649.0927601809955,50.0,Powerful and Reliable,2918.99
acer,Aspire 3,Notebook,15.6,4,windows 10,2.1,599.0,Standard,1366,768,No,No,No,Intel,2.5,Core i5 7200U,256,0,SSD,No,Intel,HD Graphics 620,Mid-Range,285.23809523809524,55.0,Explore Beyond Limits,654.0
lenovo,Legion Y520-15IKBN,Gaming,15.6,8,windows 10,2.5,1048.0,Full HD,1920,1080,No,Yes,No,Intel,2.8,Core i7 7700HQ,128,1024,SSD,HDD,Nvidia,GeForce GTX 1050,Premium,419.2,60.0,Think Different,1108.0
dell,Latitude 7280,Ultrabook,12.5,16,windows 10,1.18,1859.0,Full HD,1920,1080,No,No,No,Intel,2.8,Core i7 7600U,256,0,SSD,No,Intel,HD Graphics 620,Ultra-Premium,1575.4237288135594,50.0,Powerful and Reliable,1909.0
google,Pixelbook (Core,Ultrabook,12.3,8,chrome os,1.1,1559.0,Standard,2400,1600,Yes,No,No,Intel,1.2,Core i5 7Y57,256,0,SSD,No,Intel,HD Graphics 615,Ultra-Premium,1417.2727272727273,,,1559.0
asus,Zenbook UX330UA-AH5Q,Ultrabook,13.3,8,windows 10,1.2,1129.0,Quad HD+,3200,1800,No,Yes,No,Intel,2.5,Core i5 7200U,256,0,SSD,No,Intel,HD Graphics 620,Premium,940.8333333333334,45.0,Inspiring Innovation,1174.0
dell,Latitude 3380,Notebook,13.3,4,windows 10,1.65,849.0,Standard,1366,768,No,No,No,Intel,2.0,Core i3 6006U,500,0,HDD,No,Intel,HD Graphics 520,Mid-Range,514.5454545454546,50.0,Powerful and Reliable,899.0
acer,TravelMate P238-M,Notebook,13.3,4,windows 10,1.6,655.0,Standard,1366,768,No,No,No,Intel,2.3,Core i5 6200U,128,0,SSD,No,Intel,HD Graphics 520,Mid-Range,409.375,55.0,Explore Beyond Limits,710.0
asus,X751NV-TY001 (N4200/4GB/1TB/GeForce,Notebook,17.3,4,windows 10,2.8,470.34,Standard,1366,768,No,No,No,Intel,1.1,Pentium Quad Core N4200,1024,0,HDD,No,Nvidia,GeForce 920MX,Budget,167.97857142857143,45.0,Inspiring Innovation,515.3399999999999
dell,Inspiron 7559,Gaming,15.6,16,windows 10,2.72,1099.0,4K Ultra HD,3840,2160,Yes,Yes,No,Intel,2.6,Core i7 6700HQ,128,1024,SSD,HDD,Nvidia,GeForce GTX 960M,Premium,404.0441176470588,50.0,Powerful and Reliable,1149.0
samsung,Notebook 9,Ultrabook,13.3,8,windows 10,1.31,1599.0,Full HD,1920,1080,Yes,No,No,Intel,2.7,Core i7 7500U,256,0,SSD,No,Intel,HD Graphics 620,Ultra-Premium,1220.6106870229007,,,1599.0
acer,Aspire A315-31,Notebook,15.6,4,linux,2.1,298.0,Standard,1366,768,No,No,No,Intel,1.1,Pentium Quad Core N4200,1024,0,HDD,No,Intel,HD Graphics 505,Budget,141.9047619047619,55.0,Explore Beyond Limits,353.0
dell,Inspiron 5567,Notebook,15.6,16,windows 10,2.3,1181.27,Full HD,1920,1080,No,No,No,Intel,2.7,Core i7 7500U,256,0,SSD,No,AMD,Radeon R7 M445,Premium,513.5956521739131,50.0,Powerful and Reliable,1231.27
samsung,Notebook 9,2 in 1 Convertible,15.0,16,windows 10,1.71,1799.0,Full HD,1920,1080,Yes,No,No,Intel,2.7,Core i7 7500U,256,0,SSD,No,AMD,Radeon 540,Ultra-Premium,1052.046783625731,,,1799.0
toshiba,Tecra A40-C-1E5,Notebook,14.0,4,windows 10,1.75,1020.0,Standard,1366,768,No,Yes,No,Intel,2.3,Core i5 6200U,128,0,SSD,No,Intel,HD Graphics 520,Premium,582.8571428571429,,,1020.0
dell,Inspiron 7567,Gaming,15.6,8,windows 10,2.62,1099.0,Full HD,1920,1080,No,No,No,Intel,2.8,Core i7 7700HQ,1024,0,HDD,No,Nvidia,GeForce GTX 1050,Premium,419.4656488549618,50.0,Powerful and Reliable,1149.0
hp,EliteBook 820,Ultrabook,12.5,4,windows 10,1.26,1244.0,Standard,1366,768,No,No,No,Intel,2.3,Core i5 6200U,256,0,SSD,No,Intel,HD Graphics 520,Premium,987.3015873015872,150.0,Innovation at its Best,1394.0
asus,Q524UQ-BHI7T15 (i7-7500U/12GB/2TB/GeForce,2 in 1 Convertible,15.6,12,windows 10,2.3,839.0,Full HD,1920,1080,Yes,No,No,Intel,2.7,Core i7 7500U,2048,0,HDD,No,Nvidia,GeForce 940MX,Mid-Range,364.7826086956522,45.0,Inspiring Innovation,884.0
lenovo,Thinkpad P50,Notebook,15.6,16,windows 7,2.5,2370.0,4K Ultra HD,3840,2160,No,No,No,Intel,2.7,Core i7 6820HQ,512,0,SSD,No,Nvidia,Quadro M2000M,Ultra-Premium,948.0,60.0,Think Different,2430.0
acer,Swift 3,Notebook,14.0,4,windows 10,1.8,636.0,Full HD,1920,1080,No,Yes,No,Intel,2.4,Core i3 7100U,128,0,SSD,No,Intel,HD Graphics 620,Mid-Range,353.3333333333333,55.0,Explore Beyond Limits,691.0
razer,Blade Pro,Gaming,14.0,16,windows 10,1.95,2899.0,Full HD,1920,1080,No,No,No,Intel,2.8,Core i7 7700HQ,512,0,SSD,No,Nvidia,GeForce GTX 1060,Ultra-Premium,1486.6666666666667,,,2899.0
asus,Vivobook Max,Notebook,15.6,8,windows 10,2.0,581.9,Standard,1920,1080,No,No,No,Intel,1.1,Pentium Dual Core N4200,128,0,SSD,No,Intel,HD Graphics 505,Mid-Range,290.95,45.0,Inspiring Innovation,626.9
dell,Alienware 17,Gaming,17.3,32,windows 10,4.42,3588.8,Full HD,1920,1080,No,Yes,No,Intel,2.8,Core i7 7700HQ,1024,1024,SSD,HDD,Nvidia,GeForce GTX 1070M,Ultra-Premium,811.9457013574661,50.0,Powerful and Reliable,3638.8
asus,Rog G752VS-BA171T,Gaming,17.3,16,windows 10,4.3,2350.0,Full HD,1920,1080,No,Yes,No,Intel,2.6,Core i7 6700HQ,256,1024,SSD,HDD,Nvidia,GeForce GTX 1070,Ultra-Premium,546.5116279069767,45.0,Inspiring Innovation,2395.0
toshiba,Tecra Z40-C-161,Ultrabook,14.0,16,windows 10,1.47,1764.0,Full HD,1920,1080,No,Yes,No,Intel,2.6,Core i7 6600U,512,0,SSD,No,Nvidia,GeForce 930M,Ultra-Premium,1200.0,,,1764.0
lenovo,IdeaPad 110-15IBR,Notebook,15.6,8,no os,2.2,329.0,Standard,1366,768,No,No,No,Intel,1.6,Celeron Quad Core N3710,1024,0,HDD,No,Intel,HD Graphics 405,Budget,149.54545454545453,60.0,Think Different,389.0
lenovo,ThinkPad T470s,Ultrabook,14.0,16,windows 10,1.7,2299.0,Full HD,1920,1080,No,No,No,Intel,2.7,Core i7 7500U,512,0,SSD,No,Intel,HD Graphics 620,Ultra-Premium,1352.3529411764707,60.0,Think Different,2359.0
msi,GS43VR 7RE,Gaming,14.0,16,windows 10,1.6,1891.0,Full HD,1920,1080,No,Yes,No,Intel,2.8,Core i7 7700HQ,256,1024,SSD,HDD,Nvidia,GeForce GTX 1060,Ultra-Premium,1181.875,,,1891.0
msi,GL62M (i5-7300HQ/8GB/1TB,Gaming,15.6,8,windows 10,2.2,1089.0,Full HD,1920,1080,No,No,No,Intel,2.5,Core i5 7300HQ,128,1024,SSD,HDD,Nvidia,GeForce GTX 1050,Premium,495.0,,,1089.0
lenovo,Legion Y520-15IKBN,Gaming,15.6,4,windows 10,2.4,999.0,Full HD,1920,1080,No,Yes,No,Intel,2.8,Core i7 7700HQ,1024,0,HDD,No,Nvidia,GeForce GTX 1050,Mid-Range,416.25,60.0,Think Different,1059.0
acer,Predator G9-793,Gaming,17.3,16,windows 10,4.2,2299.0,Full HD,1920,1080,No,Yes,No,Intel,2.8,Core i7 7700HQ,256,1024,SSD,HDD,Nvidia,GeForce GTX 1060,Ultra-Premium,547.3809523809524,55.0,Explore Beyond Limits,2354.0
dell,Inspiron 7567,Gaming,15.6,8,windows 10,2.62,985.0,Full HD,1920,1080,No,No,No,Intel,2.5,Core i5 7300HQ,256,0,SSD,No,Nvidia,GeForce GTX 1050,Mid-Range,375.9541984732824,50.0,Powerful and Reliable,1035.0
asus,FX502VM-DM560T (i7-7700HQ/8GB/1TB,Gaming,15.6,8,windows 10,2.24,1339.0,Full HD,1920,1080,No,No,No,Intel,2.8,Core i7 7700HQ,128,1024,SSD,HDD,Nvidia,GeForce GTX1060,Premium,597.7678571428571,45.0,Inspiring Innovation,1384.0
vero,K146 (N3350/4GB/32GB/W10),Notebook,14.0,4,windows 10,1.22,202.9,Standard,1920,1080,No,No,No,Intel,1.1,Celeron Dual Core N3350,32,0,Flash Storage,No,Intel,HD Graphics 500,Budget,166.31147540983608,,,202.9
lenovo,ThinkPad Yoga,2 in 1 Convertible,13.3,8,windows 10,1.37,1970.0,Full HD,1920,1080,Yes,Yes,No,Intel,2.7,Core i7 7500U,512,0,SSD,No,Intel,HD Graphics 620,Ultra-Premium,1437.956204379562,60.0,Think Different,2030.0
lenovo,Yoga 510-15IKB,2 in 1 Convertible,15.6,8,windows 10,2.08,959.0,Full HD,1920,1080,Yes,No,No,Intel,2.5,Core i5 7200U,256,0,SSD,No,AMD,Radeon R7 M460,Mid-Range,461.05769230769226,60.0,Think Different,1019.0
apple,"MacBook 12""",Ultrabook,12.0,8,mac os x,0.92,1165.0,Standard,2304,1440,No,Yes,Yes,Intel,1.2,Core M,512,0,Flash Storage,No,Intel,HD Graphics 5300,Premium,1266.304347826087,,,1165.0
lenovo,ThinkPad X1,2 in 1 Convertible,14.0,8,windows 10,1.42,2330.0,Standard,2560,1440,Yes,Yes,No,Intel,2.5,Core i5 7200U,256,0,SSD,No,Intel,HD Graphics 620,Ultra-Premium,1640.8450704225354,60.0,Think Different,2390.0
asus,R417NA-RS01 (N3350/4GB/32GB/W10),Notebook,14.0,4,windows 10,1.63,299.0,Standard,1366,768,No,No,No,Intel,1.1,Celeron Dual Core N3350,32,0,Flash Storage,No,Intel,HD Graphics 500,Budget,183.4355828220859,45.0,Inspiring Innovation,344.0
dell,Latitude 3580,Notebook,15.6,8,windows 10,1.95,810.0,Standard,1366,768,No,No,No,Intel,2.5,Core i5 7200U,128,0,SSD,No,Intel,HD Graphics 620,Mid-Range,415.3846153846154,50.0,Powerful and Reliable,860.0
lenovo,Yoga 910-13IKB,2 in 1 Convertible,13.9,8,windows 10,1.38,1349.0,Full HD,1920,1080,Yes,Yes,No,Intel,2.7,Core i7 7500U,256,0,SSD,No,Intel,HD Graphics 620,Premium,977.536231884058,60.0,Think Different,1409.0
dell,Vostro 5568,Notebook,15.6,8,windows 10,2.0,739.0,Full HD,1920,1080,No,No,No,Intel,2.0,Core i3 6006U,256,0,SSD,No,AMD,Radeon R5 M420X,Mid-Range,369.5,50.0,Powerful and Reliable,789.0
hp,ZBook 17,Workstation,15.6,8,windows 10,3.14,2064.9,Full HD,1920,1080,No,No,No,Intel,2.8,Core i7 7700HQ,256,0,SSD,No,Nvidia,Quadro M2200,Ultra-Premium,657.6114649681529,150.0,Innovation at its Best,2214.9
asus,Pro P2540UA-XS51,Notebook,15.6,8,windows 10,2.37,1099.0,Full HD,1920,1080,No,No,No,Intel,2.5,Core i5 7200U,256,0,SSD,No,Intel,HD Graphics 620,Premium,463.71308016877634,45.0,Inspiring Innovation,1144.0
dell,XPS 13,Ultrabook,13.3,8,windows 10,1.29,1499.0,Full HD,1920,1080,No,No,No,Intel,2.5,Core i5 7200U,256,0,SSD,No,Intel,HD Graphics 620,Premium,1162.015503875969,50.0,Powerful and Reliable,1549.0
dell,XPS 15,Notebook,15.6,8,windows 10,2.06,1749.0,4K Ultra HD,3840,2160,Yes,No,No,Intel,2.5,Core i5 7300HQ,256,0,SSD,No,Nvidia,GeForce GTX 1050,Ultra-Premium,849.0291262135922,50.0,Powerful and Reliable,1799.0
dell,Latitude 3180,Netbook,11.6,4,windows 10,1.63,744.0,Standard,1366,768,No,No,No,Intel,1.1,Pentium Quad Core N4200,128,0,SSD,No,Intel,HD Graphics 505,Mid-Range,456.4417177914111,50.0,Powerful and Reliable,794.0
hp,EliteBook 820,Netbook,12.5,8,windows 10,1.26,1389.0,Standard,1366,768,No,No,No,Intel,2.6,Core i5 7300U,256,0,SSD,No,Intel,HD Graphics 620,Premium,1102.3809523809523,150.0,Innovation at its Best,1539.0
toshiba,Satellite Pro,Notebook,15.6,4,windows 10,2.1,780.0,Standard,1366,768,No,No,No,Intel,2.3,Core i5 6200U,500,0,HDD,No,Intel,HD Graphics 520,Mid-Range,371.4285714285714,,,780.0
hp,15-ba043na (A12-9700P/8GB/2TB/W10),Notebook,15.6,8,windows 10,2.04,629.0,Standard,1366,768,No,No,No,AMD,2.5,A12-Series 9700P,2048,0,HDD,No,AMD,Radeon R7 Graphics,Mid-Range,308.3333333333333,150.0,Innovation at its Best,779.0
dell,Inspiron 7567,Gaming,15.6,16,windows 10,2.62,1679.0,4K Ultra HD,3840,2160,No,No,No,Intel,2.8,Core i7 7700HQ,512,0,SSD,No,Nvidia,GeForce GTX 1050 Ti,Ultra-Premium,640.8396946564885,50.0,Powerful and Reliable,1729.0
lenovo,IdeaPad 310-15IKB,Notebook,15.6,4,windows 10,2.4,609.0,Full HD,1920,1080,No,No,No,Intel,2.5,Core i5 7200U,1024,0,HDD,No,Nvidia,GeForce 920M,Mid-Range,253.75,60.0,Think Different,669.0
hp,Omen 17-an012dx,Gaming,17.3,12,windows 10,3.74,1749.0,Full HD,1920,1080,No,Yes,No,Intel,2.8,Core i7 7700HQ,1024,0,HDD,No,AMD,Radeon RX 580,Ultra-Premium,467.6470588235294,150.0,Innovation at its Best,1899.0
msi,GE72MVR 7RG,Gaming,17.3,16,windows 10,2.9,2415.0,Full HD,1920,1080,No,No,No,Intel,2.8,Core i7 7700HQ,512,1024,SSD,HDD,Nvidia,GeForce GTX 1070,Ultra-Premium,832.7586206896552,,,2415.0
samsung,Notebook 9,Ultrabook,13.3,8,windows 10,0.81,1499.0,Full HD,1920,1080,No,No,No,Intel,2.5,Core i5 7200U,256,0,SSD,No,Intel,HD Graphics 620,Premium,1850.617283950617,,,1499.0
dell,Vostro 5568,Notebook,15.6,8,windows 10,1.98,961.0,Full HD,1920,1080,No,No,No,Intel,2.7,Core i7 7500U,1024,0,HDD,No,Nvidia,GeForce GT 940MX,Mid-Range,485.35353535353534,50.0,Powerful and Reliable,1011.0
dell,Vostro 3568,Notebook,15.6,8,windows 10,2.18,789.81,Full HD,1920,1080,No,No,No,Intel,2.5,Core i5 7200U,256,0,SSD,No,AMD,Radeon R5 M420,Mid-Range,362.2981651376146,50.0,Powerful and Reliable,839.81
lenovo,Thinkpad T470s,Ultrabook,14.0,8,windows 10,1.32,1859.0,Full HD,1920,1080,No,No,No,Intel,2.7,Core i7 7500U,256,0,SSD,No,Intel,HD Graphics 620,Ultra-Premium,1408.3333333333333,60.0,Think Different,1919.0
razer,Blade Stealth,Ultrabook,12.5,16,windows 10,1.29,1799.0,4K Ultra HD,3840,2160,Yes,Yes,No,Intel,2.5,Core i7 7500U,512,0,SSD,No,Intel,HD Graphics 620,Ultra-Premium,1394.5736434108526,,,1799.0
hp,Chromebook 11,Netbook,11.6,4,chrome os,1.23,385.0,Standard,1366,768,No,No,No,Intel,1.6,Celeron Dual Core N3060,16,0,Flash Storage,No,Intel,HD Graphics 400,Budget,313.0081300813008,150.0,Innovation at its Best,535.0
dell,Alienware 17,Gaming,17.3,16,windows 10,4.36,2505.02,Full HD,1920,1080,No,Yes,No,Intel,2.8,Core i7 7700HQ,128,1024,SSD,HDD,Nvidia,GeForce GTX 1060,Ultra-Premium,574.5458715596329,50.0,Powerful and Reliable,2555.02
dell,Latitude 3480,Notebook,14.0,4,windows 10,1.76,755.0,Standard,1366,768,No,No,No,Intel,2.3,Core i5 6200U,500,0,HDD,No,Intel,HD Graphics 520,Mid-Range,428.9772727272728,50.0,Powerful and Reliable,805.0
lenovo,V110-15ISK (i3-6006U/4GB/500GB/W10),Notebook,15.6,4,windows 10,2.1,489.9,Standard,1366,768,No,No,No,Intel,2.0,Core i3 6006U,500,0,HDD,No,Intel,HD Graphics 520,Budget,233.28571428571428,60.0,Think Different,549.9
toshiba,Tecra X40-D-10Z,Ultrabook,14.0,4,windows 10,1.25,1090.0,Standard,1366,768,No,No,No,Intel,2.5,Core i5 7200U,128,0,SSD,No,Intel,HD Graphics 620,Premium,872.0,,,1090.0
lenovo,Thinkpad X1,Ultrabook,14.0,8,windows 10,1.13,2499.0,Full HD,1920,1080,No,Yes,No,Intel,2.7,Core i7 7500U,512,0,SSD,No,Intel,HD Graphics 620,Ultra-Premium,2211.5044247787614,60.0,Think Different,2559.0
msi,GL62M 7RD,Gaming,15.6,8,windows 10,2.4,1199.0,Full HD,1920,1080,No,No,No,Intel,2.5,Core i5 7300HQ,256,0,SSD,No,Nvidia,GeForce GTX 1050,Premium,499.58333333333337,,,1199.0
lenovo,ThinkPad X1,Ultrabook,14.0,8,windows 10,1.13,1875.0,Full HD,1920,1080,No,Yes,No,Intel,2.5,Core i5 7200U,256,0,Flash Storage,No,Intel,HD Graphics 620,Ultra-Premium,1659.2920353982302,60.0,Think Different,1935.0
toshiba,Satellite Pro,Notebook,14.0,4,windows 10,1.75,499.0,Standard,1366,768,No,No,No,Intel,2.1,Pentium Dual Core 4405U,128,0,SSD,No,Intel,HD Graphics 510,Budget,285.1428571428572,,,499.0
asus,ZenBook Flip,2 in 1 Convertible,13.3,8,windows 10,1.1,1358.0,Full HD,1920,1080,Yes,No,No,Intel,2.5,Core i5 7200U,256,0,SSD,No,Intel,HD Graphics 620,Premium,1234.5454545454545,45.0,Inspiring Innovation,1403.0
dell,Latitude 3480,Notebook,14.0,4,windows 10,1.76,585.0,Standard,1366,768,No,No,No,Intel,2.0,Core i3 6006U,500,0,HDD,No,Intel,HD Graphics 520,Mid-Range,332.3863636363636,50.0,Powerful and Reliable,635.0
acer,Chromebook 11,Netbook,11.6,4,chrome os,1.35,355.0,Standard,1366,768,No,Yes,No,Intel,1.6,Celeron Dual Core N3060,32,0,Flash Storage,No,Intel,HD Graphics 400,Budget,262.96296296296293,55.0,Explore Beyond Limits,410.0
acer,Swift 3,Notebook,14.0,8,windows 10,1.5,619.0,Full HD,1920,1080,No,Yes,No,Intel,2.4,Core i3 7100U,128,0,SSD,No,Intel,HD Graphics 620,Mid-Range,412.6666666666667,55.0,Explore Beyond Limits,674.0
razer,Blade Pro,Gaming,17.3,32,windows 10,3.49,5499.0,4K Ultra HD,3840,2160,Yes,No,No,Intel,2.9,Core i7 7820HK,512,0,SSD,No,Nvidia,GeForce GTX 1080,Ultra-Premium,1575.6446991404011,,,5499.0
lenovo,Thinkpad X1,Ultrabook,14.0,16,windows 10,1.1,2099.0,Quad HD+,2560,1440,No,Yes,No,Intel,2.6,Core i7 6600U,512,0,SSD,No,Intel,HD Graphics 520,Ultra-Premium,1908.181818181818,60.0,Think Different,2159.0
asus,VivoBook Max,Notebook,15.6,4,linux,2.1,519.0,Full HD,1920,1080,No,No,No,Intel,2.5,Core i5 7200U,1024,0,HDD,No,Nvidia,GeForce 920,Mid-Range,247.14285714285717,45.0,Inspiring Innovation,564.0
lenovo,Thinkpad T460,Notebook,14.0,8,windows 10,1.7,1186.0,Full HD,1920,1080,No,No,No,Intel,2.3,Core i5 6200U,256,0,SSD,No,Intel,HD Graphics 520,Premium,697.6470588235294,60.0,Think Different,1246.0
lenovo,ThinkPad T470s,Notebook,14.0,8,windows 10,1.32,1650.0,Full HD,1920,1080,No,Yes,No,Intel,2.6,Core i5 7300U,256,0,SSD,No,Intel,HD Graphics 620,Ultra-Premium,1250.0,60.0,Think Different,1710.0
dell,Alienware 15,Gaming,15.6,16,windows 10,3.21,2774.63,Full HD,1920,1080,No,No,No,Intel,2.8,Core i7 7700HQ,256,1024,SSD,HDD,Nvidia,GeForce GTX 1070,Ultra-Premium,864.3707165109034,50.0,Powerful and Reliable,2824.63
asus,Rog GL702VS-BA023T,Gaming,17.3,16,windows 10,2.9,2419.0,Full HD,1920,1080,No,No,No,Intel,2.8,Core i7 7700HQ,256,1024,SSD,HDD,Nvidia,GeForce GTX 1070,Ultra-Premium,834.1379310344828,45.0,Inspiring Innovation,2464.0
toshiba,Satellite Pro,Notebook,15.6,4,windows 10,2.0,669.0,Standard,1366,768,No,No,No,Intel,2.4,Core i3 7100U,500,0,HDD,No,Intel,HD Graphics 620,Mid-Range,334.5,,,669.0
lenovo,N42-20 Chromebook,Notebook,14.0,4,chrome os,1.5,325.0,Standard,1366,768,No,No,No,Intel,1.6,Celeron Quad Core N3160,16,0,Flash Storage,No,Intel,HD Graphics 400,Budget,216.66666666666663,60.0,Think Different,385.0
asus,R558UA-DM966T (i5-7200U/8GB/128GB/FHD/W10),Notebook,15.6,8,windows 10,2.3,590.0,Full HD,1920,1080,No,No,No,Intel,2.5,Core i5 7200U,128,0,HDD,No,Intel,HD Graphics 620,Mid-Range,256.5217391304348,45.0,Inspiring Innovation,635.0
asus,Rog GL702VM-GC017T,Gaming,17.3,16,windows 10,2.73,1799.0,Full HD,1920,1080,No,No,No,Intel,2.6,Core i7 6700HQ,512,1024,SSD,HDD,Nvidia,GeForce GTX 1060,Ultra-Premium,658.974358974359,45.0,Inspiring Innovation,1844.0
dell,Alienware 17,Gaming,17.3,32,windows 10,4.42,3072.89,Full HD,1920,1080,No,Yes,No,Intel,2.8,Core i7 7700HQ,512,1024,SSD,HDD,Nvidia,GeForce GTX 1070,Ultra-Premium,695.2239819004525,50.0,Powerful and Reliable,3122.89
hp,ProBook 470,Notebook,17.3,8,windows 10,2.63,910.0,Standard,1600,900,No,No,No,Intel,2.5,Core i5 7200U,1024,0,HDD,No,Nvidia,GeForce 930MX,Mid-Range,346.00760456273764,150.0,Innovation at its Best,1060.0
dell,Vostro 3568,Notebook,15.6,8,windows 10,2.18,713.99,Standard,1366,768,No,No,No,Intel,2.5,Core i5 7200U,128,0,SSD,No,Intel,HD Graphics 620,Mid-Range,327.5183486238532,50.0,Powerful and Reliable,763.99
hp,EliteBook 840,Ultrabook,14.0,8,windows 7,1.54,1870.0,Full HD,1920,1080,No,No,No,Intel,2.5,Core i7 6500U,512,0,SSD,No,Intel,HD Graphics 520,Ultra-Premium,1214.2857142857142,150.0,Innovation at its Best,2020.0
dell,Vostro 3568,Notebook,15.6,4,windows 10,2.18,739.0,Full HD,1920,1080,No,No,No,Intel,2.7,Core i7 7500U,256,0,SSD,No,AMD,Radeon R5 M420,Mid-Range,338.99082568807336,50.0,Powerful and Reliable,789.0
hp,Chromebook X360,2 in 1 Convertible,11.6,4,chrome os,1.4,615.0,Standard,1366,768,Yes,No,No,Intel,1.1,Celeron Dual Core N3350,32,0,Flash Storage,No,Intel,HD Graphics 500,Mid-Range,439.28571428571433,150.0,Innovation at its Best,765.0
asus,ZenBook UX310UQ-GL026T,Ultrabook,13.3,8,windows 10,1.45,1026.0,Full HD,1920,1080,No,Yes,No,Intel,2.3,Core i5 6200U,512,0,SSD,No,Nvidia,GeForce 940M,Premium,707.5862068965517,45.0,Inspiring Innovation,1071.0
hp,EliteBook x360,2 in 1 Convertible,13.3,8,windows 10,1.28,2277.0,Full HD,1920,1080,Yes,No,No,Intel,2.5,Core i5 7200U,256,0,SSD,No,Intel,HD Graphics 620,Ultra-Premium,1778.90625,150.0,Innovation at its Best,2427.0
hp,EliteBook 840,Ultrabook,14.0,8,windows 10,1.54,1468.0,Full HD,1920,1080,No,No,No,Intel,2.5,Core i7 6500U,512,0,SSD,No,Intel,HD Graphics 520,Premium,953.2467532467532,150.0,Innovation at its Best,1618.0
hp,250 G6,Notebook,15.6,4,no os,1.86,299.0,Standard,1366,768,No,No,No,Intel,1.6,Celeron Dual Core N3060,128,0,SSD,No,Intel,HD Graphics 400,Budget,160.752688172043,150.0,Innovation at its Best,449.0
asus,Rog GL502VM-DS74,Gaming,15.6,16,windows 10,2.1,1899.0,Full HD,1920,1080,No,No,No,Intel,2.8,Core i7 7700HQ,128,1024,SSD,HDD,Nvidia,GeForce GTX 1060,Ultra-Premium,904.2857142857142,45.0,Inspiring Innovation,1944.0
dell,Inspiron 5767,Notebook,17.3,8,linux,2.83,865.0,Full HD,1920,1080,No,No,No,Intel,2.7,Core i7 7500U,1024,0,HDD,No,AMD,Radeon R7 M445,Mid-Range,305.6537102473498,50.0,Powerful and Reliable,915.0
lenovo,ThinkPad T470p,Ultrabook,14.0,8,windows 10,1.96,1903.0,Full HD,1920,1080,No,Yes,No,Intel,2.8,Core i7 7700HQ,256,0,SSD,No,Nvidia,GeForce GT 940MX,Ultra-Premium,970.9183673469388,60.0,Think Different,1963.0
asus,K556UR-DM621T (i7-7500U/8GB/256GB/GeForce,Notebook,15.6,8,windows 10,2.3,787.0,Full HD,1920,1080,No,Yes,No,Intel,2.7,Core i7 7500U,256,0,SSD,No,Nvidia,GeForce GTX 930MX,Mid-Range,342.1739130434783,45.0,Inspiring Innovation,832.0
dell,Latitude 5580,Notebook,15.6,8,windows 10,1.9,945.0,Full HD,1920,1080,No,No,No,Intel,2.5,Core i5 7200U,128,0,SSD,No,Intel,HD Graphics 620,Mid-Range,497.3684210526316,50.0,Powerful and Reliable,995.0
asus,X541NA (N4200/4GB/1TB/W10),Notebook,15.6,4,windows 10,2.0,449.0,Standard,1366,768,No,No,No,Intel,1.1,Pentium Quad Core N4200,1024,0,HDD,No,Intel,HD Graphics 505,Budget,224.5,45.0,Inspiring Innovation,494.0
hp,EliteBook x360,2 in 1 Convertible,13.3,8,windows 10,1.28,2559.0,Full HD,1920,1080,Yes,No,No,Intel,2.8,Core i7 7600U,256,0,SSD,No,Intel,HD Graphics 620,Ultra-Premium,1999.21875,150.0,Innovation at its Best,2709.0
dell,Inspiron 5368,Notebook,13.3,8,windows 10,1.62,649.0,Full HD,1920,1080,Yes,No,No,Intel,2.3,Core i5 6200U,1024,0,HDD,No,Intel,HD Graphics 520,Mid-Range,400.61728395061726,50.0,Powerful and Reliable,699.0
lenovo,IdeaPad 110-15ISK,Notebook,15.6,4,no os,2.2,469.0,Full HD,1920,1080,No,No,No,Intel,2.0,Core i3 6006U,1024,0,HDD,No,Intel,HD Graphics 520,Budget,213.18181818181816,60.0,Think Different,529.0
lenovo,ThinkPad E570,Notebook,15.6,8,windows 10,2.3,850.66,Full HD,1920,1080,No,Yes,No,Intel,2.5,Core i5 7200U,1024,0,HDD,No,Intel,HD Graphics 620,Mid-Range,369.8521739130435,60.0,Think Different,910.66
hp,EliteBook 850,Notebook,15.6,8,windows 10,1.84,1349.0,Full HD,1920,1080,No,No,No,Intel,2.6,Core i5 7300U,256,0,SSD,No,AMD,Radeon R7 M465,Premium,733.1521739130435,150.0,Innovation at its Best,1499.0
toshiba,Portege X30-D-10X,Notebook,13.3,4,windows 10,1.05,1285.0,Full HD,1920,1080,No,No,No,Intel,2.5,Core i5 7200U,128,0,SSD,No,Intel,HD Graphics 620,Premium,1223.809523809524,,,1285.0
lenovo,Legion Y520-15IKBN,Gaming,15.6,8,no os,2.5,1017.0,Full HD,1920,1080,No,Yes,No,Intel,2.5,Core i5 7300HQ,1024,0,HDD,No,Nvidia,GeForce GTX 1050,Premium,406.8,60.0,Think Different,1077.0
dell,XPS 13,Ultrabook,13.3,16,windows 10,1.29,2240.0,Quad HD+,3200,1800,Yes,No,No,Intel,2.5,Core i7 7660U,512,0,SSD,No,Intel,Iris Plus Graphics 640,Ultra-Premium,1736.4341085271317,50.0,Powerful and Reliable,2290.0
hp,Probook 450,Notebook,15.6,4,windows 10,2.07,910.0,Full HD,1920,1080,No,No,No,Intel,2.3,Core i5 6200U,500,0,HDD,No,Intel,HD Graphics 520,Mid-Range,439.6135265700484,150.0,Innovation at its Best,1060.0
toshiba,Portégé Z30-C-188,Ultrabook,13.3,8,windows 10,1.2,1095.0,Standard,1366,768,No,No,No,Intel,2.3,Core i5 6200U,256,0,SSD,No,Intel,HD Graphics 520,Premium,912.5,,,1095.0
lenovo,ThinkPad Yoga,2 in 1 Convertible,13.3,8,windows 10,1.37,1950.0,Full HD,1920,1080,Yes,Yes,No,Intel,2.7,Core i7 7500U,256,0,SSD,No,Intel,HD Graphics 620,Ultra-Premium,1423.3576642335763,60.0,Think Different,2010.0
acer,TMX349-G2-M-50FS (i5-7200U/8GB/256GB/FHD/W10),Notebook,14.0,8,windows 10,1.56,902.0,Full HD,1920,1080,No,Yes,No,Intel,2.5,Core i5 7200U,256,0,SSD,No,Intel,HD Graphics 620,Mid-Range,578.2051282051282,55.0,Explore Beyond Limits,957.0
dell,Precision 3520,Workstation,15.6,8,windows 10,2.23,1778.0,Full HD,1920,1080,No,No,No,Intel,2.8,Core i7 7700HQ,1024,0,HDD,No,Nvidia,Quadro M620,Ultra-Premium,797.3094170403588,50.0,Powerful and Reliable,1828.0
lenovo,ThinkPad L570,Notebook,15.6,4,windows 10,2.38,1055.0,Standard,1366,768,No,No,No,Intel,2.5,Core i5 7200U,500,0,HDD,No,Intel,HD Graphics 620,Premium,443.2773109243698,60.0,Think Different,1115.0
lenovo,IdeaPad 110-15ISK,Notebook,15.6,4,no os,2.2,479.0,Full HD,1920,1080,No,No,No,Intel,2.0,Core i3 6006U,1024,0,HDD,No,AMD,Radeon R5 M430,Budget,217.72727272727272,60.0,Think Different,539.0
toshiba,Tecra A50-D-11D,Notebook,15.6,8,windows 10,2.0,1388.0,Full HD,1920,1080,No,Yes,No,Intel,2.7,Core i7 7500U,256,0,SSD,No,Intel,HD Graphics 620,Premium,694.0,,,1388.0
lenovo,Thinkpad 13,Notebook,13.3,4,windows 10,1.44,735.0,Full HD,1920,1080,No,Yes,No,Intel,2.4,Core i3 7100U,180,0,SSD,No,Intel,HD Graphics 620,Mid-Range,510.4166666666667,60.0,Think Different,795.0
samsung,Notebook 9,Ultrabook,15.0,16,windows 10,1.23,1849.0,Full HD,1920,1080,No,No,No,Intel,2.7,Core i7 7500U,256,0,SSD,No,Nvidia,GeForce 940MX,Ultra-Premium,1503.2520325203252,,,1849.0
dell,Latitude 7280,Ultrabook,12.5,8,windows 10,1.6,1690.0,Full HD,1920,1080,No,No,No,Intel,2.8,Core i7 7600U,256,0,SSD,No,Intel,HD Graphics 620,Ultra-Premium,1056.25,50.0,Powerful and Reliable,1740.0
asus,X541NA-GO121 (N4200/4GB/1TB/Linux),Notebook,15.6,4,linux,2.0,398.99,Standard,1366,768,No,No,No,Intel,1.1,Pentium Quad Core N4200,1024,0,HDD,No,Intel,HD Graphics 505,Budget,199.495,45.0,Inspiring Innovation,443.99
xiaomi,Mi Notebook,Ultrabook,13.3,8,windows 10,1.28,935.0,Full HD,1920,1080,No,Yes,No,Intel,2.3,Core i5 6200U,256,0,SSD,No,Nvidia,GeForce 940MX,Mid-Range,730.46875,,,935.0
dell,Vostro 5568,Notebook,15.6,4,windows 10,2.18,912.5,Full HD,1920,1080,No,No,No,Intel,2.5,Core i5 7200U,128,1024,SSD,HDD,Nvidia,GeForce 940MX,Mid-Range,418.5779816513761,50.0,Powerful and Reliable,962.5
hp,ProBook 450,Notebook,15.6,4,windows 10,2.04,839.0,Full HD,1920,1080,No,No,No,Intel,2.5,Core i5 7200U,256,0,SSD,No,Intel,HD Graphics 620,Mid-Range,411.2745098039216,150.0,Innovation at its Best,989.0
hp,EliteBook x360,2 in 1 Convertible,13.3,4,windows 10,1.28,1700.0,Full HD,1920,1080,Yes,No,No,Intel,2.5,Core i5 7200U,256,0,SSD,No,Intel,HD Graphics 620,Ultra-Premium,1328.125,150.0,Innovation at its Best,1850.0
hp,Pavilion x360,2 in 1 Convertible,15.6,4,windows 10,2.3,684.8,Standard,1366,768,Yes,No,No,Intel,2.5,Core i5 7200U,500,0,HDD,No,Intel,HD Graphics 620,Mid-Range,297.7391304347826,150.0,Innovation at its Best,834.8
asus,VivoBook L402NA,Notebook,14.1,4,windows 10,1.65,348.0,Standard,1366,768,No,No,No,Intel,1.1,Celeron Dual Core N3350,32,0,Flash Storage,No,Intel,HD Graphics 500,Budget,210.9090909090909,45.0,Inspiring Innovation,393.0
lenovo,IdeaPad 510-15ISK,Notebook,15.6,8,windows 10,2.2,669.0,Full HD,1920,1080,No,Yes,No,Intel,2.5,Core i7 6500U,1024,0,HDD,No,Nvidia,GeForce 940MX,Mid-Range,304.09090909090907,60.0,Think Different,729.0
dell,Inspiron 3552,Notebook,15.6,4,windows 10,2.2,369.0,Standard,1366,768,No,No,No,Intel,1.6,Pentium Quad Core N3710,500,0,HDD,No,Intel,HD Graphics,Budget,167.72727272727272,50.0,Powerful and Reliable,419.0
hp,EliteBook x360,2 in 1 Convertible,13.3,4,windows 10,1.28,1799.0,Full HD,1920,1080,Yes,No,No,Intel,2.5,Core i5 7200U,256,0,SSD,No,Intel,HD Graphics 620,Ultra-Premium,1405.46875,150.0,Innovation at its Best,1949.0
dell,Vostro 3568,Notebook,15.6,4,linux,2.18,455.7,Standard,1366,768,No,No,No,Intel,2.0,Core i3 6006U,1024,0,HDD,No,AMD,Radeon R5 M420X,Budget,209.0366972477064,50.0,Powerful and Reliable,505.7
asus,Rog GL753VD-GC082T,Gaming,17.3,12,windows 10,2.2,1369.9,Full HD,1920,1080,No,No,No,Intel,2.5,Core i5 7300HQ,128,1024,SSD,HDD,Nvidia,GeForce GTX 1050,Premium,622.6818181818181,45.0,Inspiring Innovation,1414.9
acer,Chromebook C731-C78G,Netbook,11.6,4,chrome os,1.25,297.0,Standard,1366,768,No,Yes,No,Intel,1.6,Celeron Dual Core N3060,32,0,Flash Storage,No,Intel,HD Graphics 400,Budget,237.6,55.0,Explore Beyond Limits,352.0
lenovo,IdeaPad 110-17ACL,Notebook,17.3,4,windows 10,2.8,379.0,Standard,1600,900,No,No,No,AMD,2.2,A4-Series 7210,500,0,HDD,No,AMD,Radeon R3,Budget,135.35714285714286,60.0,Think Different,439.0
hp,Probook 640,Notebook,14.0,4,windows 10,1.95,1265.0,Full HD,1920,1080,No,No,No,Intel,2.5,Core i5 7200U,128,0,SSD,No,Intel,HD Graphics 620,Premium,648.7179487179487,150.0,Innovation at its Best,1415.0
hp,Envy x360,2 in 1 Convertible,13.3,16,windows 10,1.42,1399.0,Quad HD+,3200,1800,Yes,No,No,Intel,2.7,Core i7 7500U,256,0,SSD,No,Intel,HD Graphics 620,Premium,985.211267605634,150.0,Innovation at its Best,1549.0
samsung,Notebook 9,Ultrabook,15.0,8,windows 10,1.17,1699.0,Full HD,1920,1080,No,No,No,Intel,2.7,Core i7 7500U,256,0,SSD,No,Intel,HD Graphics 620,Ultra-Premium,1452.1367521367522,,,1699.0
lenovo,ThinkPad T470s,Ultrabook,14.0,8,windows 10,1.32,1799.0,Full HD,1920,1080,No,Yes,No,Intel,2.5,Core i5 7200U,256,0,SSD,No,Intel,HD Graphics 620,Ultra-Premium,1362.8787878787878,60.0,Think Different,1859.0
msi,GS73VR Stealth,Gaming,17.3,16,windows 10,2.43,2649.0,4K Ultra HD,3840,2160,No,Yes,No,Intel,2.6,Core i7 6700HQ,512,2048,SSD,HDD,Nvidia,GeForce GTX 1060,Ultra-Premium,1090.123456790123,,,2649.0
toshiba,Portege X30-D-10V,Notebook,13.3,8,windows 10,1.05,1475.0,Full HD,1920,1080,No,No,No,Intel,2.5,Core i5 7200U,256,0,SSD,No,Intel,HD Graphics 620,Premium,1404.7619047619048,,,1475.0
dell,Inspiron 7567,Gaming,15.6,8,linux,2.62,929.0,Full HD,1920,1080,No,No,No,Intel,2.8,Core i7 7700HQ,1024,0,HDD,No,Nvidia,GeForce GTX 1050Ti,Mid-Range,354.5801526717557,50.0,Powerful and Reliable,979.0
hp,ProBook 450,Notebook,15.6,8,windows 10,2.04,900.0,Full HD,1920,1080,No,No,No,Intel,2.7,Core i7 7500U,1024,0,HDD,No,Nvidia,GeForce 930MX,Mid-Range,441.1764705882353,150.0,Innovation at its Best,1050.0
dell,Vostro 3568,Notebook,15.6,4,windows 10,2.18,614.0,Standard,1366,768,No,No,No,Intel,2.0,Core i3 6006U,1024,0,HDD,No,AMD,Radeon R5 M420X,Mid-Range,281.65137614678895,50.0,Powerful and Reliable,664.0
dell,Latitude 5580,Notebook,15.6,8,windows 10,1.9,935.0,Full HD,1920,1080,No,No,No,Intel,2.6,Core i5 7300U,500,0,HDD,No,Intel,HD Graphics 620,Mid-Range,492.10526315789474,50.0,Powerful and Reliable,985.0
dell,XPS 13,2 in 1 Convertible,13.3,8,windows 10,1.24,2013.1,Quad HD+,3200,1800,Yes,No,No,Intel,1.3,Core i7 7Y75,512,0,SSD,No,Intel,HD Graphics 615,Ultra-Premium,1623.467741935484,50.0,Powerful and Reliable,2063.1
asus,G701VO-IH74K (i7-6820HK/32GB/2x,Gaming,17.3,32,windows 10,3.58,1279.0,Full HD,1920,1080,No,Yes,No,Intel,2.7,Core i7 6820HK,256,256,SSD,SSD,Nvidia,GeForce GTX 980M,Premium,357.2625698324022,45.0,Inspiring Innovation,1324.0
dell,XPS 13,2 in 1 Convertible,13.3,16,windows 10,1.22,1649.0,Full HD,1920,1080,Yes,No,No,Intel,1.3,Core i7 7Y75,256,0,SSD,No,Intel,HD Graphics 615,Ultra-Premium,1351.639344262295,50.0,Powerful and Reliable,1699.0
lenovo,ThinkPad X1,Ultrabook,14.0,8,windows 10,1.13,2049.0,Full HD,1920,1080,No,Yes,No,Intel,2.7,Core i7 7500U,256,0,Flash Storage,No,Intel,HD Graphics 620,Ultra-Premium,1813.274336283186,60.0,Think Different,2109.0
lenovo,ThinkPad T570,Notebook,15.6,8,windows 10,1.95,1962.99,Full HD,1920,1080,No,Yes,No,Intel,2.5,Core i5 7200U,512,0,SSD,No,Intel,HD Graphics 620,Ultra-Premium,1006.6615384615384,60.0,Think Different,2022.99
lg,Gram 15Z970,Ultrabook,15.6,16,windows 10,1.08,2099.0,Full HD,1920,1080,Yes,Yes,No,Intel,2.7,Core i7 7500U,512,0,SSD,No,Intel,HD Graphics 620,Ultra-Premium,1943.5185185185185,,,2099.0
hp,Elitebook 820,Netbook,12.5,8,windows 10,1.26,1483.0,Full HD,1920,1080,No,No,No,Intel,2.7,Core i7 7500U,512,0,SSD,No,Intel,HD Graphics 620,Premium,1176.984126984127,150.0,Innovation at its Best,1633.0
acer,Chromebook CB5-571-C1DZ,Notebook,15.6,4,chrome os,2.2,359.0,Full HD,1920,1080,No,Yes,No,Intel,1.5,Celeron Dual Core 3205U,16,0,Flash Storage,No,Intel,HD Graphics,Budget,163.18181818181816,55.0,Explore Beyond Limits,414.0
lenovo,IdeaPad Y700-15ISK,Notebook,15.6,8,windows 10,2.6,789.0,Full HD,1920,1080,No,Yes,No,Intel,2.3,Core i5 6300HQ,128,1024,SSD,HDD,Nvidia,GeForce GTX 960M,Mid-Range,303.46153846153845,60.0,Think Different,849.0
lg,Gram 14Z970,Ultrabook,14.0,8,windows 10,0.98,1899.0,Full HD,1920,1080,Yes,Yes,No,Intel,2.7,Core i7 7500U,512,0,SSD,No,Intel,HD Graphics 620,Ultra-Premium,1937.7551020408164,,,1899.0
dell,Latitude 5480,Notebook,14.0,8,windows 10,1.6,1205.0,Full HD,1920,1080,No,No,No,Intel,2.8,Core i5 7440HQ,256,0,SSD,No,Intel,HD Graphics 620,Premium,753.125,50.0,Powerful and Reliable,1255.0
hp,Elitebook Folio,Ultrabook,12.5,8,windows 10,1.09,3100.0,4K Ultra HD,3840,2160,Yes,No,No,Intel,1.2,Core M 6Y75,240,0,SSD,No,Intel,HD Graphics 515,Ultra-Premium,2844.0366972477063,150.0,Innovation at its Best,3250.0
lenovo,IdeaPad 510-15IKB,Notebook,15.6,6,windows 10,2.2,789.0,Full HD,1920,1080,No,No,No,Intel,2.7,Core i7 7500U,256,0,SSD,No,Nvidia,GeForce 940MX,Mid-Range,358.6363636363636,60.0,Think Different,849.0
hp,ProBook 450,Notebook,15.6,8,windows 10,2.04,1018.99,Full HD,1920,1080,No,No,No,Intel,2.7,Core i7 7500U,256,0,SSD,No,Nvidia,GeForce 930MX,Premium,499.5049019607843,150.0,Innovation at its Best,1168.99
acer,Aspire E5-575,Notebook,15.6,4,windows 10,2.4,499.0,Full HD,1920,1080,No,No,No,Intel,2.4,Core i3 7100U,1024,0,HDD,No,Intel,HD Graphics 620,Budget,207.91666666666669,55.0,Explore Beyond Limits,554.0
lenovo,ThinkPad 13,Notebook,13.3,4,windows 10,1.44,881.0,Full HD,1920,1080,No,No,No,Intel,2.5,Core i5 7200U,128,0,SSD,No,Intel,HD Graphics 620,Mid-Range,611.8055555555555,60.0,Think Different,941.0
hp,Probook 430,Notebook,13.3,8,windows 10,1.49,960.0,Full HD,1920,1080,No,No,No,Intel,2.5,Core i5 7200U,256,0,SSD,No,Intel,HD Graphics 620,Mid-Range,644.2953020134228,150.0,Innovation at its Best,1110.0
msi,GE72VR 6RF,Gaming,17.3,16,windows 10,2.7,1599.0,Full HD,1920,1080,No,No,No,Intel,2.8,Core i7 7700HQ,256,1024,SSD,HDD,Nvidia,GeForce GTX 1050 Ti,Ultra-Premium,592.2222222222222,,,1599.0
dell,Inspiron 7567,Gaming,15.6,16,windows 10,2.6,1349.0,Full HD,1920,1080,No,No,No,Intel,2.8,Core i7 7700HQ,128,1024,SSD,HDD,Nvidia,GeForce GTX 1050 Ti,Premium,518.8461538461538,50.0,Powerful and Reliable,1399.0
msi,GL62M 7RD,Gaming,15.6,8,windows 10,2.2,1119.91,Full HD,1920,1080,No,No,No,Intel,2.5,Core i5 7300HQ,128,1024,SSD,HDD,Nvidia,GeForce GTX 1050,Premium,509.05,,,1119.91
dell,Vostro 3568,Notebook,15.6,4,windows 10,2.18,684.99,Standard,1366,768,No,No,No,Intel,2.5,Core i5 7200U,1024,0,HDD,No,AMD,Radeon R5 M420,Mid-Range,314.2155963302752,50.0,Powerful and Reliable,734.99
hp,EliteBook 850,Ultrabook,15.6,8,windows 10,1.84,1296.99,Full HD,1920,1080,No,No,No,Intel,2.5,Core i7 6500U,256,0,SSD,No,AMD,Radeon R7 M365X,Premium,704.8858695652174,150.0,Innovation at its Best,1446.99
hp,Envy 13-AB077cl,Ultrabook,13.3,8,windows 10,1.39,1149.0,Quad HD+,3200,1800,Yes,No,No,Intel,2.7,Core i7 7500U,256,0,SSD,No,Intel,HD Graphics 620,Premium,826.6187050359713,150.0,Innovation at its Best,1299.0
toshiba,Tecra Z50-C-140,Notebook,15.6,16,windows 10,2.4,1975.0,Full HD,1920,1080,No,Yes,No,Intel,2.6,Core i7 6600U,256,0,SSD,No,Nvidia,GeForce 930M,Ultra-Premium,822.9166666666667,,,1975.0
lenovo,ThinkPad Yoga,2 in 1 Convertible,13.3,8,windows 10,1.37,1825.0,Full HD,1920,1080,Yes,Yes,No,Intel,2.5,Core i5 7200U,512,0,SSD,No,Intel,HD Graphics 620,Ultra-Premium,1332.116788321168,60.0,Think Different,1885.0
dell,Latitude 3580,Notebook,15.6,4,windows 10,1.95,729.9,Standard,1366,768,No,No,No,Intel,2.3,Core i5 6200U,500,0,HDD,No,Intel,HD Graphics 520,Mid-Range,374.3076923076923,50.0,Powerful and Reliable,779.9
lenovo,Thinkpad X270,Ultrabook,12.5,8,windows 10,1.36,1650.0,Full HD,1920,1080,No,Yes,No,Intel,2.7,Core i7 7500U,256,0,SSD,No,Intel,HD Graphics 620,Ultra-Premium,1213.235294117647,60.0,Think Different,1710.0
hp,Probook 650,Notebook,15.6,8,windows 10,2.31,1165.0,Full HD,1920,1080,No,No,No,Intel,2.3,Core i5 6200U,256,0,SSD,No,Intel,HD Graphics 520,Premium,504.3290043290043,150.0,Innovation at its Best,1315.0
dell,Vostro 3568,Notebook,15.6,4,windows 10,2.18,708.06,Standard,1366,768,No,No,No,Intel,2.5,Core i5 7200U,1024,0,HDD,No,Intel,HD Graphics 620,Mid-Range,324.7981651376146,50.0,Powerful and Reliable,758.06
hp,ProBook 640,Notebook,14.0,4,windows 10,1.95,1149.0,Standard,1366,768,No,No,No,Intel,2.3,Core i5 6200U,500,0,HDD,No,Intel,HD Graphics 520,Premium,589.2307692307693,150.0,Innovation at its Best,1299.0
lenovo,IdeaPad 320-15IAP,Notebook,15.6,4,windows 10,2.2,309.0,Standard,1366,768,No,No,No,Intel,1.1,Pentium Quad Core N4200,1024,0,HDD,No,Intel,HD Graphics 505,Budget,140.45454545454544,60.0,Think Different,369.0
hp,EliteBook 820,Ultrabook,12.5,4,windows 10,1.26,1579.0,Full HD,1920,1080,No,No,No,Intel,2.3,Core i5 6200U,500,0,HDD,No,Intel,HD Graphics 520,Ultra-Premium,1253.1746031746031,150.0,Innovation at its Best,1729.0
hp,250 G6,Notebook,15.6,4,no os,1.86,288.9,Standard,1366,768,No,No,No,Intel,1.6,Celeron Dual Core N3060,1024,0,HDD,No,Intel,HD Graphics 400,Budget,155.32258064516128,150.0,Innovation at its Best,438.9
lenovo,Yoga 900-13ISK,2 in 1 Convertible,13.3,16,windows 10,1.3,1799.0,Quad HD+,3200,1800,Yes,Yes,No,Intel,2.2,Core i7 6560U,1024,0,SSD,No,Intel,Iris Graphics 540,Ultra-Premium,1383.8461538461538,60.0,Think Different,1859.0
toshiba,Tecra Z40-C-12X,Notebook,14.0,4,windows 10,1.47,1105.0,Full HD,1920,1080,No,Yes,No,Intel,2.3,Core i5 6200U,128,0,SSD,No,Intel,HD Graphics 520,Premium,751.7006802721089,,,1105.0
hp,EliteBook 820,Netbook,12.5,8,windows 10,1.26,1669.0,Full HD,1920,1080,No,No,No,Intel,2.3,Core i5 6200U,256,0,SSD,No,Intel,HD Graphics 520,Ultra-Premium,1324.6031746031747,150.0,Innovation at its Best,1819.0
dell,Vostro 3568,Notebook,15.6,4,windows 10,2.18,558.6,Standard,1366,768,No,No,No,Intel,2.0,Core i3 6006U,1024,0,HDD,No,Intel,HD Graphics 520,Mid-Range,256.23853211009174,50.0,Powerful and Reliable,608.6
msi,GP62M Leopard,Gaming,15.6,8,windows 10,2.2,1199.0,Full HD,1920,1080,No,No,No,Intel,2.8,Core i7 7700HQ,128,1024,SSD,HDD,Nvidia,GeForce GTX 1050,Premium,545.0,,,1199.0
dell,Latitude 7480,Ultrabook,14.0,8,windows 10,1.36,1639.0,Full HD,1920,1080,No,No,No,Intel,2.5,Core i5 7200U,256,0,SSD,No,Intel,HD Graphics 620,Ultra-Premium,1205.1470588235293,50.0,Powerful and Reliable,1689.0
dell,Alienware 17,Gaming,17.3,16,windows 10,4.36,2758.0,Standard,2560,1440,No,No,No,Intel,2.7,Core i7 6820HK,512,1024,SSD,HDD,Nvidia,GeForce GTX 1080,Ultra-Premium,632.5688073394494,50.0,Powerful and Reliable,2808.0
hp,Omen 17-W006na,Gaming,17.3,8,windows 10,2.75,1399.0,Full HD,1920,1080,No,Yes,No,Intel,2.3,Core i5 6300HQ,128,1024,SSD,HDD,Nvidia,GeForce GTX 965M,Premium,508.7272727272728,150.0,Innovation at its Best,1549.0
asus,X751SV-TY001T (N3710/4GB/1TB/GeForce,Notebook,17.3,4,windows 10,2.8,530.0,Standard,1600,900,No,No,No,Intel,1.6,Pentium Quad Core N3710,1024,0,HDD,No,Nvidia,GeForce 920MX,Mid-Range,189.2857142857143,45.0,Inspiring Innovation,575.0
acer,TravelMate P259-G2,Notebook,15.6,4,windows 10,2.23,619.0,Standard,1366,768,No,No,No,Intel,2.5,Core i5 7200U,500,0,HDD,No,Intel,HD Graphics 620,Mid-Range,277.57847533632287,55.0,Explore Beyond Limits,674.0
toshiba,Tecra A50-C-1ZV,Notebook,15.6,8,windows 10,2.2,1119.0,Standard,1366,768,No,No,No,Intel,2.3,Core i5 6200U,256,0,SSD,No,Intel,HD Graphics 520,Premium,508.6363636363636,,,1119.0
lenovo,Yoga 700-11ISK,2 in 1 Convertible,11.3,8,windows 10,1.1,1299.0,Full HD,1920,1080,Yes,Yes,No,Intel,1.2,Core M m7-6Y75,256,0,SSD,No,Intel,HD Graphics 515,Premium,1180.9090909090908,60.0,Think Different,1359.0
lenovo,IdeaPad Y700-15ACZ,Gaming,15.6,16,windows 10,2.5,999.0,Full HD,1920,1080,No,Yes,No,AMD,2.1,FX 8800P,512,1024,SSD,HDD,AMD,Radeon R9 M385,Mid-Range,399.6,60.0,Think Different,1059.0
dell,Latitude 7280,Ultrabook,12.5,8,windows 10,1.36,1472.2,Full HD,1920,1080,Yes,No,No,Intel,2.5,Core i5 7200U,256,0,SSD,No,Intel,HD Graphics,Premium,1082.5,50.0,Powerful and Reliable,1522.2
lenovo,IdeaPad 310-15IKB,Notebook,15.6,8,no os,2.2,685.0,Full HD,1920,1080,No,No,No,Intel,2.7,Core i7 7500U,1024,0,HDD,No,Nvidia,GeForce 920MX,Mid-Range,311.3636363636363,60.0,Think Different,745.0
dell,Insprion 5767,Notebook,17.3,4,windows 10,2.36,659.0,Standard,1600,900,No,No,No,Intel,2.0,Core i3 6006U,1024,0,HDD,No,AMD,Radeon R7 M445,Mid-Range,279.23728813559325,50.0,Powerful and Reliable,709.0
acer,Chromebook 14,Notebook,14.0,4,chrome os,1.68,349.0,Standard,1366,768,No,No,No,Intel,1.6,Celeron Dual Core N3060,32,0,Flash Storage,No,Intel,HD Graphics 400,Budget,207.73809523809524,55.0,Explore Beyond Limits,404.0
hp,ZBook Studio,Workstation,15.6,8,windows 10,2.0,2249.0,Full HD,1920,1080,No,Yes,No,Intel,2.7,Core i7 6820HQ,8,0,SSD,No,Nvidia,Quadro M1000M,Ultra-Premium,1124.5,150.0,Innovation at its Best,2399.0
dell,Latitude 7480,Ultrabook,14.0,8,windows 10,1.36,1775.0,Full HD,1920,1080,No,No,No,Intel,2.8,Core i7 7600U,256,0,SSD,No,Intel,HD Graphics 620,Ultra-Premium,1305.1470588235293,50.0,Powerful and Reliable,1825.0
toshiba,Portege Z30-C-1CW,Notebook,13.3,8,windows 7,1.2,1460.0,Full HD,1920,1080,No,No,No,Intel,2.3,Core i5 6200U,256,0,SSD,No,Intel,HD Graphics 520,Premium,1216.6666666666667,,,1460.0
asus,Chromebook Flip,2 in 1 Convertible,12.5,8,chrome os,1.2,1159.0,Full HD,1920,1080,No,No,No,Intel,1.2,Core M M7-6Y75,64,0,Flash Storage,No,Intel,HD Graphics 515,Premium,965.8333333333334,45.0,Inspiring Innovation,1204.0
lenovo,Thinkpad T460,Ultrabook,14.0,8,windows 10,1.7,1488.99,Full HD,1920,1080,No,Yes,No,Intel,2.6,Core i7 6600U,256,0,SSD,No,Intel,HD Graphics 520,Premium,875.8764705882353,60.0,Think Different,1548.99
dell,Alienware 17,Gaming,17.3,16,windows 10,4.36,3154.0,4K Ultra HD,3840,2160,No,Yes,No,Intel,2.8,Core i7 7700HQ,512,1024,SSD,HDD,Nvidia,GeForce GTX 1070,Ultra-Premium,723.394495412844,50.0,Powerful and Reliable,3204.0
dell,XPS 13,2 in 1 Convertible,13.3,8,windows 10,1.24,1899.0,Full HD,1920,1080,Yes,No,No,Intel,1.2,Core i5 7Y54,256,0,SSD,No,Intel,HD Graphics 615,Ultra-Premium,1531.451612903226,50.0,Powerful and Reliable,1949.0
hp,ProBook x360,2 in 1 Convertible,11.6,4,windows 10,1.45,775.0,Standard,1366,768,Yes,No,No,Intel,1.1,Pentium Quad Core N4200,256,0,SSD,No,Intel,HD Graphics 505,Mid-Range,534.4827586206897,150.0,Innovation at its Best,925.0
dell,XPS 13,Ultrabook,13.3,8,windows 10,1.3,1268.0,Quad HD+,3200,1800,No,No,No,Intel,2.5,Core i7 6500U,256,0,SSD,No,Intel,HD Graphics 520,Premium,975.3846153846154,50.0,Powerful and Reliable,1318.0
acer,Chromebook C738T-C2EJ,2 in 1 Convertible,11.6,4,chrome os,1.25,389.0,Standard,1366,768,Yes,Yes,No,Intel,1.6,Celeron Dual Core N3060,32,0,Flash Storage,No,Intel,HD Graphics 400,Budget,311.2,55.0,Explore Beyond Limits,444.0
toshiba,Portege Z30-C-16Z,Notebook,13.3,8,windows 10,1.2,1535.0,Full HD,1920,1080,No,No,No,Intel,2.4,Core i5 6300U,256,0,SSD,No,Intel,HD Graphics 520,Ultra-Premium,1279.1666666666667,,,1535.0
lenovo,ThinkPad X270,Ultrabook,12.5,8,windows 10,1.36,1760.0,Full HD,1920,1080,No,Yes,No,Intel,2.6,Core i5 7300U,256,0,SSD,No,Intel,HD Graphics 620,Ultra-Premium,1294.1176470588234,60.0,Think Different,1820.0
acer,Aspire F5-573G-510L,Notebook,15.6,12,windows 10,2.4,1009.0,Full HD,1920,1080,No,No,No,Intel,2.5,Core i5 7200U,128,1024,SSD,HDD,Nvidia,GeForce GTX 950M,Premium,420.4166666666667,55.0,Explore Beyond Limits,1064.0
toshiba,Portege X20W-D-10V,Ultrabook,12.5,8,windows 10,1.1,1790.0,Full HD,1920,1080,Yes,No,No,Intel,2.7,Core i7 7500U,512,0,SSD,No,Intel,HD Graphics 620,Ultra-Premium,1627.2727272727273,,,1790.0
hp,ProBook 450,Notebook,15.6,8,windows 10,2.04,846.5,Standard,1366,768,No,No,No,Intel,2.5,Core i5 7200U,1024,0,HDD,No,Nvidia,GeForce 930MX,Mid-Range,414.9509803921569,150.0,Innovation at its Best,996.5
dell,Inspiron 3567,Notebook,15.6,4,linux,2.25,465.62,Standard,1366,768,No,No,No,Intel,2.0,Core i3 6006U,1024,0,HDD,No,AMD,Radeon R5 M430,Budget,206.94222222222223,50.0,Powerful and Reliable,515.62
dell,Latitude 5580,Notebook,15.6,4,windows 10,1.9,825.0,Standard,1366,768,No,No,No,Intel,2.5,Core i5 7200U,500,0,HDD,No,Intel,HD Graphics 620,Mid-Range,434.2105263157895,50.0,Powerful and Reliable,875.0
hp,ProBook 450,Notebook,15.6,4,windows 10,2.04,685.0,Full HD,1920,1080,No,No,No,Intel,2.4,Core i3 7100U,500,0,HDD,No,Intel,HD Graphics 620,Mid-Range,335.78431372549016,150.0,Innovation at its Best,835.0
dell,Alienware 17,Gaming,17.3,32,windows 10,4.42,3149.0,Full HD,1920,1080,No,Yes,No,Intel,2.8,Core i7 7700HQ,256,1024,SSD,HDD,Nvidia,GeForce GTX 1070,Ultra-Premium,712.4434389140272,50.0,Powerful and Reliable,3199.0
lenovo,IdeaPad 310-15IKB,Notebook,15.6,6,windows 10,2.4,695.0,Full HD,1920,1080,No,No,No,Intel,2.5,Core i5 7200U,256,0,SSD,No,Nvidia,GeForce 920MX,Mid-Range,289.58333333333337,60.0,Think Different,755.0
dell,XPS 13,2 in 1 Convertible,13.3,16,windows 10,1.22,1899.0,Quad HD+,3200,1800,Yes,No,No,Intel,1.3,Core i7 7Y75,512,0,SSD,No,Intel,HD Graphics 615,Ultra-Premium,1556.5573770491803,50.0,Powerful and Reliable,1949.0
dell,Latitude E7470,Ultrabook,14.0,8,windows 10,1.5,1962.98,Standard,2560,1440,Yes,No,No,Intel,2.6,Core i7 6600U,256,0,SSD,No,Intel,HD Graphics 520,Ultra-Premium,1308.6533333333334,50.0,Powerful and Reliable,2012.98
dell,Alienware 17,Gaming,17.3,32,windows 10,4.42,2800.0,Full HD,1920,1080,No,No,No,Intel,2.6,Core i7 6700HQ,256,1024,SSD,HDD,Nvidia,GeForce GTX 1070,Ultra-Premium,633.4841628959276,50.0,Powerful and Reliable,2850.0
toshiba,Tecra A40-C-1DF,Notebook,14.0,8,windows 10,1.95,1180.0,Full HD,1920,1080,No,No,No,Intel,2.3,Core i5 6200U,256,0,SSD,No,Intel,HD Graphics 520,Premium,605.1282051282052,,,1180.0
asus,Rog Strix,Gaming,17.3,16,windows 10,2.73,2049.9,Full HD,1920,1080,No,No,No,Intel,2.8,Core i7 7700HQ,256,1024,SSD,HDD,Nvidia,GeForce GTX 1060,Ultra-Premium,750.8791208791209,45.0,Inspiring Innovation,2094.9
hp,Probook 450,Notebook,15.6,8,windows 10,2.04,979.0,Full HD,1920,1080,No,Yes,No,Intel,2.7,Core i5 7200U,128,1024,SSD,HDD,Nvidia,GeForce 930MX,Mid-Range,479.9019607843137,150.0,Innovation at its Best,1129.0
lenovo,ThinkPad T460,Notebook,14.0,4,windows 7,1.7,1002.0,Standard,1366,768,No,No,No,Intel,2.3,Core i5 6200U,508,0,Hybrid,No,Intel,HD Graphics 520,Premium,589.4117647058823,60.0,Think Different,1062.0
asus,Q534UX-BHI7T19 (i7-7500U/16GB/2TB,2 in 1 Convertible,15.6,16,windows 10,2.3,1799.0,4K Ultra HD,3840,2160,Yes,No,No,Intel,2.7,Core i7 7500U,512,2048,SSD,HDD,Nvidia,GeForce GTX 950M,Ultra-Premium,782.1739130434784,45.0,Inspiring Innovation,1844.0
hp,15-bs053od (i7-7500U/6GB/1TB/W10),Notebook,15.6,6,windows 10,2.04,579.0,Standard,1366,768,No,No,No,Intel,2.7,Core i7 7500U,1024,0,HDD,No,Intel,HD Graphics 620,Mid-Range,283.8235294117647,150.0,Innovation at its Best,729.0
asus,Rog GL753VE-DS74,Gaming,17.3,16,windows 10,2.99,1749.0,Full HD,1920,1080,No,No,No,Intel,2.8,Core i7 7700HQ,256,1024,SSD,HDD,Nvidia,GeForce GTX 1050 Ti,Ultra-Premium,584.9498327759197,45.0,Inspiring Innovation,1794.0
dell,Inspiron 7579,2 in 1 Convertible,15.6,12,windows 10,2.19,1299.0,Full HD,1920,1080,Yes,Yes,No,Intel,2.7,Core i7 7500U,512,0,SSD,No,Intel,HD Graphics 620,Premium,593.1506849315068,50.0,Powerful and Reliable,1349.0
toshiba,Portege Z30-C-1CV,Notebook,13.3,4,windows 7,1.2,1195.0,Full HD,1920,1080,No,No,No,Intel,2.3,Core i5 6200U,128,0,SSD,No,Intel,HD Graphics 520,Premium,995.8333333333334,,,1195.0
lenovo,IdeaPad 320-15ABR,Notebook,15.6,6,windows 10,2.2,549.0,Full HD,1920,1080,No,No,No,AMD,3.6,A12-Series 9720P,256,0,SSD,No,AMD,Radeon 530,Mid-Range,249.54545454545453,60.0,Think Different,609.0
fujitsu,LifeBook A556,Notebook,15.6,4,windows 10,2.3,649.0,Standard,1366,768,No,No,No,Intel,2.3,Core i5 6200U,256,0,SSD,No,Intel,HD Graphics 520,Mid-Range,282.1739130434783,,,649.0
toshiba,Tecra A40-C-1KF,Notebook,14.0,4,windows 10,1.75,915.0,Standard,1366,768,No,No,No,Intel,2.3,Core i5 6200U,500,0,HDD,No,Intel,HD Graphics 520,Mid-Range,522.8571428571429,,,915.0
dell,Inspiron 3567,Notebook,15.6,4,windows 10,2.25,599.0,Standard,1366,768,No,No,No,Intel,2.5,Core i5 7200U,500,0,HDD,No,AMD,Radeon R5 M430,Mid-Range,266.22222222222223,50.0,Powerful and Reliable,649.0
hp,Probook 450,Notebook,15.6,8,windows 10,2.04,806.0,Full HD,1920,1080,No,No,No,Intel,2.5,Core i5 7200U,1024,0,HDD,No,Intel,HD Graphics 620,Mid-Range,395.09803921568624,150.0,Innovation at its Best,956.0
lenovo,Legion Y520-15IKBN,Gaming,15.6,8,windows 10,2.5,1189.0,Full HD,1920,1080,No,Yes,No,Intel,2.8,Core i7 7700HQ,128,1024,SSD,HDD,Nvidia,GeForce GTX 1060,Premium,475.6,60.0,Think Different,1249.0
dell,Inspiron 5567,Notebook,15.6,8,windows 10,2.36,749.0,Standard,1366,768,No,No,No,Intel,2.7,Core i7 7500U,1024,0,HDD,No,AMD,Radeon R7 M445,Mid-Range,317.37288135593224,50.0,Powerful and Reliable,799.0
dell,Latitude 5480,Notebook,14.0,8,windows 10,1.6,1119.0,Full HD,1920,1080,No,No,No,Intel,2.5,Core i5 7200U,128,0,SSD,No,Intel,HD Graphics 620 ,Premium,699.375,50.0,Powerful and Reliable,1169.0
hp,EliteBook Folio,Netbook,12.5,8,windows 10,0.97,1908.0,Full HD,1920,1080,No,No,No,Intel,1.2,Core M 6Y75,512,0,SSD,No,Intel,HD Graphics 515,Ultra-Premium,1967.0103092783504,150.0,Innovation at its Best,2058.0
hp,15-bs005nv (i3-6006U/4GB/1TB,Notebook,15.6,4,windows 10,2.1,499.0,Full HD,1920,1080,No,No,No,Intel,2.0,Core i3 6006U,128,1024,SSD,HDD,AMD,Radeon 520,Budget,237.6190476190476,150.0,Innovation at its Best,649.0
lenovo,V110-15IAP (N3350/4GB/128GB/No,Notebook,15.6,4,no os,1.9,270.62,Standard,1366,768,No,No,No,Intel,1.1,Celeron Dual Core N3350,128,0,SSD,No,Intel,HD Graphics 500,Budget,142.43157894736842,60.0,Think Different,330.62
lenovo,ThinkPad T560,Notebook,15.6,8,windows 10,2.3,1349.0,Full HD,1920,1080,No,No,No,Intel,2.3,Core i5 6200U,256,0,SSD,No,Intel,HD Graphics 520,Premium,586.5217391304349,60.0,Think Different,1409.0
dell,Inspiron 5378,2 in 1 Convertible,13.3,8,windows 10,1.68,889.0,Full HD,1920,1080,Yes,No,No,Intel,2.5,Core i5 7200U,256,0,SSD,No,Intel,HD Graphics 620,Mid-Range,529.1666666666667,50.0,Powerful and Reliable,939.0
asus,ZenBook UX310UA-FB485T,Notebook,13.3,8,windows 10,1.4,1150.0,Quad HD+,3200,1800,No,No,No,Intel,2.5,Core i5 7200U,256,0,SSD,No,Intel,HD Graphics 620,Premium,821.4285714285714,45.0,Inspiring Innovation,1195.0
hp,Spectre 13-V111dx,Ultrabook,13.3,8,windows 10,1.11,1349.0,Full HD,1920,1080,Yes,Yes,No,Intel,2.7,Core i7 7500U,256,0,SSD,No,Intel,HD Graphics 620,Premium,1215.3153153153153,150.0,Innovation at its Best,1499.0
acer,Aspire ES1-533,Notebook,15.6,4,windows 10,2.4,380.0,Standard,1366,768,No,No,No,Intel,1.1,Pentium Quad Core N4200,500,0,HDD,No,Intel,HD Graphics 505,Budget,158.33333333333334,55.0,Explore Beyond Limits,435.0
asus,Rog GL553VE-DS74,Gaming,15.6,16,windows 10,2.5,1799.0,Full HD,1920,1080,No,No,No,Intel,2.8,Core i7 7700HQ,256,1024,SSD,HDD,Nvidia,GeForce GTX 1050 Ti,Ultra-Premium,719.6,45.0,Inspiring Innovation,1844.0
hp,EliteBook 840,Ultrabook,14.0,8,windows 10,1.48,2089.0,Full HD,1920,1080,No,No,No,Intel,2.7,Core i7 7500U,512,0,SSD,No,Intel,HD Graphics 620,Ultra-Premium,1411.4864864864865,150.0,Innovation at its Best,2239.0
acer,Nitro 5,Gaming,15.6,8,windows 10,2.7,1260.0,Full HD,1920,1080,No,Yes,No,Intel,2.8,Core i7 7700HQ,128,1024,SSD,HDD,Nvidia,GeForce GTX 1050,Premium,466.6666666666666,55.0,Explore Beyond Limits,1315.0
hp,ENVY -,Notebook,13.3,8,windows 10,1.34,1189.0,Full HD,1920,1080,No,Yes,No,Intel,2.5,Core i5 7200U,256,0,SSD,No,Intel,HD Graphics 620,Premium,887.3134328358209,150.0,Innovation at its Best,1339.0
dell,Vostro 3568,Notebook,15.6,4,windows 10,2.18,547.0,Standard,1366,768,No,No,No,Intel,2.4,Core i3 7100U,128,0,SSD,No,Intel,HD Graphics 620,Mid-Range,250.91743119266053,50.0,Powerful and Reliable,597.0
hp,Probook 440,Notebook,14.0,4,windows 10,1.64,779.0,Standard,1366,768,No,No,No,Intel,2.5,Core i5 7200U,500,0,HDD,No,Intel,HD Graphics 620,Mid-Range,475.0,150.0,Innovation at its Best,929.0
toshiba,Portege Z30-C-16H,Notebook,13.3,4,windows 10,1.2,1195.0,Full HD,1920,1080,No,No,No,Intel,2.3,Core i5 6200U,128,0,SSD,No,Intel,HD Graphics 520,Premium,995.8333333333334,,,1195.0
hp,EliteBook 840,Notebook,14.0,4,windows 10,1.48,1099.99,Standard,1366,768,No,No,No,Intel,2.4,Core i5 6300U,256,0,SSD,No,Intel,HD Graphics 520,Premium,743.2364864864865,150.0,Innovation at its Best,1249.99
hp,ProBook 640,Notebook,14.0,4,windows 10,1.95,1205.0,Full HD,1920,1080,No,No,No,Intel,2.5,Core i5 7200U,256,0,SSD,No,Intel,HD Graphics 620,Premium,617.948717948718,150.0,Innovation at its Best,1355.0
hp,EliteBook 1040,Ultrabook,14.0,8,windows 7,1.43,1449.0,Full HD,1920,1080,No,No,No,Intel,2.6,Core i7 6600U,256,0,SSD,No,Intel,HD Graphics 520,Premium,1013.2867132867132,150.0,Innovation at its Best,1599.0
hp,ProBook 440,Notebook,14.0,8,windows 10,1.64,1049.26,Full HD,1920,1080,No,No,No,Intel,2.5,Core i5 7200U,256,0,SSD,No,Nvidia,GeForce 930MX,Premium,639.7926829268293,150.0,Innovation at its Best,1199.26
hp,Probook 440,Notebook,14.0,4,windows 10,1.64,684.0,Standard,1366,768,No,No,No,Intel,2.4,Core i3 7100U,500,0,HDD,No,Intel,HD Graphics 620,Mid-Range,417.07317073170736,150.0,Innovation at its Best,834.0
dell,Inspiron 7567,Gaming,15.6,8,windows 10,2.65,949.0,Full HD,1920,1080,No,No,No,Intel,2.5,Core i5 7300HQ,1024,0,Hybrid,No,Nvidia,GeForce GTX 1050,Mid-Range,358.11320754716985,50.0,Powerful and Reliable,999.0
hp,EliteBook 820,Ultrabook,12.5,4,windows 10,1.26,1539.0,Full HD,1920,1080,No,No,No,Intel,2.5,Core i5 7200U,500,0,HDD,No,Intel,HD Graphics 620,Ultra-Premium,1221.428571428571,150.0,Innovation at its Best,1689.0
hp,Elitebook 840,Notebook,14.0,4,windows 10,1.48,1590.0,Full HD,1920,1080,No,No,No,Intel,2.5,Core i5 7200U,256,0,SSD,No,Intel,HD Graphics 620,Ultra-Premium,1074.3243243243244,150.0,Innovation at its Best,1740.0
hp,EliteBook 840,Ultrabook,14.0,8,windows 10,1.54,1887.21,Full HD,1920,1080,No,No,No,Intel,2.5,Core i7 6500U,256,0,SSD,No,Intel,HD Graphics 520,Ultra-Premium,1225.4610389610389,150.0,Innovation at its Best,2037.21
hp,Probook 430,Notebook,13.3,4,windows 10,1.49,800.0,Standard,1366,768,No,No,No,Intel,2.4,Core i3 7100U,500,0,HDD,No,Intel,HD Graphics 620,Mid-Range,536.9127516778524,150.0,Innovation at its Best,950.0
toshiba,Portege A30-C-1CZ,Notebook,13.3,8,windows 10,1.5,1210.0,Standard,1366,768,No,No,No,Intel,2.3,Core i5 6200U,256,0,SSD,No,Intel,HD Graphics 520,Premium,806.6666666666666,,,1210.0
hp,ProBook 450,Notebook,15.6,4,windows 10,2.04,769.99,Standard,1366,768,No,No,No,Intel,2.4,Core i3 7100U,256,0,SSD,No,Intel,HD Graphics 620,Mid-Range,377.4460784313725,150.0,Innovation at its Best,919.99
lenovo,ThinkPad P70,Notebook,17.3,16,windows 7,2.4,2968.0,4K Ultra HD,3840,2160,No,Yes,No,Intel,2.7,Core i7 6820HQ,512,0,SSD,No,Nvidia,Quadro 3000M,Ultra-Premium,1236.6666666666667,60.0,Think Different,3028.0
toshiba,Tecra Z40-C-12Z,Notebook,14.0,8,windows 10,1.47,1490.0,Full HD,1920,1080,No,Yes,No,Intel,2.3,Core i5 6200U,256,0,SSD,No,Intel,HD Graphics 520,Premium,1013.6054421768708,,,1490.0
hp,EliteBook 1040,Notebook,14.0,8,windows 10,1.43,2229.0,Full HD,1920,1080,No,No,No,Intel,2.5,Core i7 6500U,256,0,SSD,No,Intel,HD Graphics 520,Ultra-Premium,1558.741258741259,150.0,Innovation at its Best,2379.0
dell,Inspiron 5568,2 in 1 Convertible,15.6,4,windows 10,2.08,795.99,Full HD,1920,1080,Yes,Yes,No,Intel,2.3,Core i3 6100U,1024,0,HDD,No,Intel,HD Graphics 520,Mid-Range,382.6875,50.0,Powerful and Reliable,845.99
toshiba,Portégé Z30-C-16K,Ultrabook,13.3,8,windows 10,1.2,1590.0,Full HD,1920,1080,No,No,No,Intel,2.3,Core i5 6200U,256,0,SSD,No,Intel,HD Graphics 520,Ultra-Premium,1325.0,,,1590.0
hp,Spectre 13-V100nv,Notebook,13.3,8,windows 10,1.11,1149.0,Full HD,1920,1080,No,Yes,No,Intel,2.5,Core i5 7200U,256,0,SSD,No,Intel,HD Graphics 620,Premium,1035.135135135135,150.0,Innovation at its Best,1299.0
hp,ProBook 440,Notebook,14.0,8,windows 10,1.64,1185.43,Full HD,1920,1080,No,No,No,Intel,2.7,Core i7 7500U,256,0,SSD,No,Nvidia,GeForce 930MX,Premium,722.8231707317074,150.0,Innovation at its Best,1335.43
dell,Latitude E5570,Notebook,15.6,8,windows 10,2.09,1046.44,Full HD,1920,1080,No,No,No,Intel,2.4,Core i5 6300U,500,0,HDD,No,Intel,HD Graphics 520,Premium,500.6889952153111,50.0,Powerful and Reliable,1096.44
hp,Elitebook 820,Ultrabook,12.5,4,windows 10,1.26,1559.0,Standard,1366,768,No,No,No,Intel,2.5,Core i5 7200U,256,0,SSD,No,Intel,HD Graphics 620,Ultra-Premium,1237.3015873015872,150.0,Innovation at its Best,1709.0
hp,ProBook 650,Notebook,14.0,4,windows 10,2.31,1189.0,Standard,1366,768,No,No,No,Intel,2.5,Core i5 7200U,500,0,HDD,No,Intel,HD Graphics 620,Premium,514.7186147186147,150.0,Innovation at its Best,1339.0
hp,ProBook 640,Notebook,14.0,4,windows 10,1.95,1060.0,Standard,1366,768,No,No,No,Intel,2.5,Core i5 7200U,500,0,HDD,No,Intel,HD Graphics 620,Premium,543.5897435897436,150.0,Innovation at its Best,1210.0
dell,XPS 13,Ultrabook,13.3,8,windows 10,1.29,1624.0,Quad HD+,3200,1800,Yes,No,No,Intel,2.5,Core i5 7200U,256,0,SSD,No,Intel,HD Graphics 620,Ultra-Premium,1258.9147286821706,50.0,Powerful and Reliable,1674.0
hp,Probook 470,Notebook,17.3,8,windows 10,2.63,1080.0,Full HD,1920,1080,No,No,No,Intel,2.5,Core i5 7200U,256,0,SSD,No,Nvidia,GeForce 930MX,Premium,410.6463878326997,150.0,Innovation at its Best,1230.0
hp,ProBook 440,Notebook,14.0,4,windows 10,1.64,973.0,Standard,1366,768,No,No,No,Intel,2.5,Core i5 7200U,256,0,SSD,No,Intel,HD Graphics 620,Mid-Range,593.2926829268293,150.0,Innovation at its Best,1123.0
acer,Aspire 3,Notebook,15.6,6,windows 10,2.1,409.0,Standard,1366,768,No,No,No,AMD,3.0,A9-Series 9420,1024,0,HDD,No,AMD,Radeon R5,Budget,194.7619047619048,55.0,Explore Beyond Limits,464.0
msi,GL72M 7RDX,Gaming,17.3,8,windows 10,2.7,1191.8,Full HD,1920,1080,No,No,No,Intel,2.8,Core i7 7700HQ,128,1024,SSD,HDD,Nvidia,GeForce GTX 1050,Premium,441.4074074074073,,,1191.8
hp,Probook 640,Notebook,14.0,8,windows 7,1.95,1195.0,Full HD,1920,1080,No,No,No,Intel,2.3,Core i5 6200U,256,0,SSD,No,Intel,HD Graphics 520,Premium,612.8205128205128,150.0,Innovation at its Best,1345.0
hp,EliteBook 850,Notebook,15.6,8,windows 10,1.84,1228.99,Full HD,1920,1080,No,No,No,Intel,2.5,Core i7 6500U,256,0,SSD,No,Intel,HD Graphics 520,Premium,667.9293478260869,150.0,Innovation at its Best,1378.99
hp,EliteBook 820,Ultrabook,12.5,8,windows 10,1.26,1349.0,Full HD,1920,1080,No,No,No,Intel,2.5,Core i7 6500U,256,0,SSD,No,Intel,HD Graphics 520,Premium,1070.6349206349207,150.0,Innovation at its Best,1499.0
hp,ProBook 450,Notebook,15.6,4,windows 10,2.04,742.0,Standard,1366,768,No,No,No,Intel,2.5,Core i5 7200U,500,0,HDD,No,Intel,HD Graphics 620,Mid-Range,363.7254901960784,150.0,Innovation at its Best,892.0
toshiba,Tecra Z40-C-136,Ultrabook,14.0,8,windows 10,1.47,1725.0,Full HD,1920,1080,No,Yes,No,Intel,2.6,Core i7 6600U,256,0,SSD,No,Intel,HD Graphics 520,Ultra-Premium,1173.4693877551022,,,1725.0
dell,Latitude E5570,Notebook,15.6,8,windows 7,2.09,1062.95,Full HD,1920,1080,No,No,No,Intel,2.4,Core i5 6300U,256,0,SSD,No,Intel,HD Graphics 520,Premium,508.5885167464115,50.0,Powerful and Reliable,1112.95
hp,ProBook 440,Notebook,14.0,8,windows 10,1.64,1010.51,Full HD,1920,1080,No,No,No,Intel,2.5,Core i5 7200U,256,0,SSD,No,Intel,HD Graphics 620,Premium,616.1646341463415,150.0,Innovation at its Best,1160.51
lenovo,Yoga 500-15ISK,2 in 1 Convertible,15.6,4,windows 10,1.8,847.0,Full HD,1920,1080,Yes,Yes,No,Intel,2.5,Core i7 6500U,256,0,SSD,No,Intel,HD Graphics 520,Mid-Range,470.55555555555554,60.0,Think Different,907.0
vero,V142 (X5-Z8350/2GB/32GB/W10),Notebook,14.0,2,windows 10,1.45,210.8,Standard,1366,768,No,No,No,Intel,1.44,Atom X5-Z8350,32,0,Flash Storage,No,Intel,HD Graphics 400,Budget,145.3793103448276,,,210.8
toshiba,Tecra A50-C-218,Notebook,15.6,16,windows 10,2.4,1425.0,Full HD,1920,1080,No,Yes,No,Intel,2.5,Core i7 6500U,256,0,SSD,No,Nvidia,GeForce 930M,Premium,593.75,,,1425.0
lenovo,Thinkpad L560,Notebook,15.6,8,windows 10,2.3,1049.6,Full HD,1920,1080,No,No,No,Intel,2.3,Core i5 6200U,256,0,SSD,No,Intel,HD Graphics 520,Premium,456.3478260869565,60.0,Think Different,1109.6
hp,EliteBook 840,Notebook,14.0,4,windows 10,1.54,1000.0,Full HD,1920,1080,No,No,No,Intel,2.3,Core i5 6200U,500,0,HDD,No,Intel,HD Graphics 520,Mid-Range,649.3506493506493,150.0,Innovation at its Best,1150.0
hp,EliteBook 850,Notebook,15.6,8,windows 10,1.84,2103.34,Full HD,1920,1080,No,No,No,Intel,2.4,Core i5 6300U,256,500,SSD,HDD,Intel,HD Graphics 520,Ultra-Premium,1143.1195652173913,150.0,Innovation at its Best,2253.34
hp,EliteBook 1040,Notebook,14.0,8,windows 7,1.43,1469.0,Full HD,1920,1080,No,No,No,Intel,2.3,Core i5 6200U,256,0,SSD,No,Intel,HD Graphics 520,Premium,1027.2727272727273,150.0,Innovation at its Best,1619.0
msi,GT72S Dominator,Gaming,17.3,16,windows 10,3.78,1545.64,Full HD,1920,1080,No,Yes,No,Intel,2.7,Core i7 6820HK,256,1024,SSD,HDD,Nvidia,GeForce GTX 980M,Ultra-Premium,408.8994708994709,,,1545.64
lenovo,IdeaPad Y900-17ISK,Gaming,17.3,16,windows 10,4.6,2289.99,Full HD,1920,1080,No,Yes,No,Intel,2.6,Core i7 6700HQ,128,1024,SSD,HDD,Nvidia,GeForce GTX 980M,Ultra-Premium,497.8239130434782,60.0,Think Different,2349.99
asus,Chromebook C202SA,Netbook,11.6,4,chrome os,1.2,287.9,Standard,1366,768,No,No,No,Intel,1.6,Celeron Dual Core N3060,16,0,Flash Storage,No,Intel,HD Graphics 400,Budget,239.91666666666663,45.0,Inspiring Innovation,332.9
lenovo,ThinkPad X1,Notebook,14.0,16,windows 7,1.1,2620.0,Standard,2560,1440,No,Yes,No,Intel,2.6,Core i7 6600U,256,0,SSD,No,Intel,HD Graphics 520,Ultra-Premium,2381.818181818181,60.0,Think Different,2680.0
hp,Noteb Pav,Notebook,15.6,8,windows 10,1.91,979.0,Full HD,1920,1080,No,Yes,No,Intel,2.7,Core i7 7500U,1024,0,HDD,No,Nvidia,GeForce 940MX,Mid-Range,512.565445026178,150.0,Innovation at its Best,1129.0
dell,Inspiron 5578,2 in 1 Convertible,15.6,8,windows 10,2.3,1094.0,Full HD,1920,1080,Yes,Yes,No,Intel,2.7,Core i5 7200U,256,0,SSD,No,Intel,HD Graphics 620,Premium,475.6521739130435,50.0,Powerful and Reliable,1144.0
hp,ProBook 450,Notebook,15.6,4,windows 10,2.04,979.0,Standard,1366,768,No,No,No,Intel,2.5,Core i5 7200U,256,0,SSD,No,Intel,HD Graphics 620,Mid-Range,479.9019607843137,150.0,Innovation at its Best,1129.0
dell,XPS 13,Ultrabook,13.3,16,windows 10,1.2,2254.0,Quad HD+,3200,1800,Yes,No,No,Intel,2.7,Core i7 7500U,1024,0,SSD,No,Intel,HD Graphics 620,Ultra-Premium,1878.3333333333333,50.0,Powerful and Reliable,2304.0
hp,ProBook 650,Notebook,15.6,4,windows 10,2.31,705.15,Standard,1366,768,No,No,No,Intel,2.3,Core i3 6100U,500,0,HDD,No,Intel,HD Graphics 520,Mid-Range,305.2597402597402,150.0,Innovation at its Best,855.15
hp,250 G5,Notebook,15.6,4,no os,1.96,499.0,Standard,1366,768,No,No,No,Intel,2.5,Core i5 7200U,500,0,HDD,No,Intel,HD Graphics 620,Budget,254.59183673469389,150.0,Innovation at its Best,649.0
acer,Aspire ES1-523,Notebook,15.6,8,windows 10,2.4,449.0,Standard,1366,768,No,No,No,AMD,2.2,A8-Series 7410,1024,0,HDD,No,AMD,Radeon R5,Budget,187.08333333333331,55.0,Explore Beyond Limits,504.0
dell,Inspiron 7378,2 in 1 Convertible,13.3,12,windows 10,1.6,1299.0,Full HD,1920,1080,Yes,Yes,No,Intel,2.7,Core i7 7500U,256,0,SSD,No,Intel,HD Graphics 620,Premium,811.875,50.0,Powerful and Reliable,1349.0
msi,GT62VR 6RD,Gaming,15.6,16,windows 10,2.94,1819.0,Full HD,1920,1080,No,No,No,Intel,2.6,Core i7 6700HQ,256,1024,SSD,HDD,Nvidia,GeForce GTX 1060,Ultra-Premium,618.7074829931973,,,1819.0
hp,ProBook 450,Notebook,15.6,8,windows 10,2.04,1070.0,Full HD,1920,1080,No,No,No,Intel,2.7,Core i7 7500U,256,0,SSD,No,Intel,HD Graphics 620,Premium,524.5098039215686,150.0,Innovation at its Best,1220.0
asus,Rog G752VL-GC088D,Gaming,17.3,16,no os,4.0,998.0,Full HD,1920,1080,No,Yes,No,Intel,2.6,Core i7 6700HQ,1024,0,HDD,No,Nvidia,GeForce GTX 965M,Mid-Range,249.5,45.0,Inspiring Innovation,1043.0
dell,Inspiron 3567,Notebook,15.6,4,windows 10,2.25,559.0,Full HD,1920,1080,No,No,No,Intel,2.5,Core i5 7200U,1024,0,HDD,No,Intel,HD Graphics,Mid-Range,248.44444444444449,50.0,Powerful and Reliable,609.0
dell,Inspiron 5567,Notebook,15.6,16,windows 10,2.32,989.99,Full HD,1920,1080,No,No,No,Intel,2.7,Core i7 7500U,2048,0,HDD,No,AMD,Radeon R7 M445,Mid-Range,426.7198275862069,50.0,Powerful and Reliable,1039.99
msi,GS63VR 6RF,Gaming,15.6,16,windows 10,1.8,1929.0,Full HD,1920,1080,No,No,No,Intel,2.6,Core i7 6700HQ,256,1024,SSD,HDD,Nvidia,GeForce GTX 1060,Ultra-Premium,1071.6666666666667,,,1929.0
dell,XPS 13,Ultrabook,13.3,8,windows 10,1.29,1458.0,Full HD,1920,1080,No,No,No,Intel,2.7,Core i7 7500U,256,0,SSD,No,Intel,HD Graphics 620,Premium,1130.2325581395348,50.0,Powerful and Reliable,1508.0
asus,ROG G701VO,Gaming,17.3,64,windows 10,3.58,3975.0,Full HD,1920,1080,No,Yes,No,Intel,2.7,Core i7 6820HK,1024,0,SSD,No,Nvidia,GeForce GTX 980 ,Ultra-Premium,1110.3351955307262,45.0,Inspiring Innovation,4020.0
dell,Inspiron 5368,2 in 1 Convertible,13.3,8,windows 10,1.62,798.01,Full HD,1920,1080,Yes,No,No,Intel,2.5,Core i7 6500U,256,0,SSD,No,Intel,HD Graphics 520,Mid-Range,492.59876543209873,50.0,Powerful and Reliable,848.01
dell,Alienware 15,Gaming,15.6,16,windows 10,3.21,1329.0,4K Ultra HD,3840,2160,No,No,No,Intel,2.6,Core i7 6700HQ,256,1024,SSD,HDD,Nvidia,GeForce GTX 970M,Premium,414.018691588785,50.0,Powerful and Reliable,1379.0
apple,"MacBook 12""",Ultrabook,12.0,8,mac os x,0.92,1300.0,Standard,2304,1440,No,Yes,Yes,Intel,1.1,Core M,256,0,Flash Storage,No,Intel,HD Graphics 515,Premium,1413.0434782608695,,,1300.0
dell,Latitude 3570,Notebook,15.6,4,windows 10,2.06,481.98,Standard,1366,768,No,No,No,Intel,2.3,Core i3 6100U,500,0,HDD,No,Intel,HD Graphics 520,Budget,233.97087378640776,50.0,Powerful and Reliable,531.98
hp,ProBook 650,Notebook,15.6,4,windows 10,2.31,1199.0,Standard,1366,768,No,No,No,Intel,2.3,Core i5 6200U,500,0,HDD,No,Intel,HD Graphics 520,Premium,519.047619047619,150.0,Innovation at its Best,1349.0
hp,EliteBook 820,Ultrabook,12.5,8,windows 7,1.26,1199.0,Full HD,1920,1080,No,No,No,Intel,2.3,Core i5 6200U,256,0,SSD,No,Intel,HD Graphics 520,Premium,951.5873015873016,150.0,Innovation at its Best,1349.0
hp,ProBook 430,Notebook,13.3,8,windows 10,1.49,1090.0,Full HD,1920,1080,No,No,No,Intel,2.7,Core i7 7500U,256,0,SSD,No,Intel,HD Graphics 620,Premium,731.5436241610738,150.0,Innovation at its Best,1240.0
lenovo,ThinkPad Yoga,Ultrabook,12.5,8,windows 10,1.3,1713.49,Full HD,1920,1080,Yes,Yes,No,Intel,2.5,Core i7 6500U,256,0,SSD,No,Intel,HD Graphics 520,Ultra-Premium,1318.069230769231,60.0,Think Different,1773.49
lenovo,IdeaPad 300-17ISK,Notebook,17.3,8,windows 10,3.0,659.0,Standard,1600,900,No,No,No,Intel,2.3,Core i5 6200U,1024,0,HDD,No,AMD,Radeon R5 M330,Mid-Range,219.66666666666663,60.0,Think Different,719.0
lenovo,Ideapad 700-15ISK,Notebook,15.6,4,windows 10,2.3,977.0,Full HD,1920,1080,No,Yes,No,Intel,2.3,Core i5 6300HQ,1024,0,HDD,No,Nvidia,GeForce GTX 950M,Mid-Range,424.7826086956522,60.0,Think Different,1037.0
msi,GT72VR Dominator,Gaming,17.3,16,windows 10,3.78,2499.0,Full HD,1920,1080,No,No,No,Intel,2.8,Core i7 7700HQ,256,1024,SSD,HDD,Nvidia,GeForce GTX 1070,Ultra-Premium,661.1111111111112,,,2499.0
lenovo,V110-15ISK (i5-6200U/4GB/500GB/W10),Notebook,15.6,4,windows 10,2.1,540.0,Standard,1366,768,No,No,No,Intel,2.3,Core i5 6200U,500,0,HDD,No,Intel,HD Graphics 520,Mid-Range,257.1428571428571,60.0,Think Different,600.0
hp,Probook 650,Notebook,15.6,4,windows 7,2.31,940.0,Full HD,1920,1080,No,No,No,Intel,2.3,Core i5 6200U,500,0,HDD,No,Intel,HD Graphics 520,Mid-Range,406.9264069264069,150.0,Innovation at its Best,1090.0
lenovo,Yoga 900S-12ISK,Ultrabook,12.5,8,windows 10,0.99,1399.0,Standard,2560,1440,Yes,Yes,No,Intel,1.2,Core M 6Y75,512,0,SSD,No,Intel,HD Graphics 515,Premium,1413.1313131313132,60.0,Think Different,1459.0
lenovo,IdeaPad Y900-17ISK,Gaming,17.3,32,windows 10,4.6,3240.0,Full HD,1920,1080,No,Yes,No,Intel,2.7,Core i7 6820HK,512,1024,SSD,Hybrid,Nvidia,GeForce GTX 980M,Ultra-Premium,704.3478260869566,60.0,Think Different,3300.0
lenovo,Yoga Book,2 in 1 Convertible,10.1,4,windows 10,0.69,646.27,Standard,1920,1200,Yes,Yes,No,Intel,1.44,Atom x5-Z8550,64,0,Flash Storage,No,Intel,HD Graphics 400,Mid-Range,936.6231884057972,60.0,Think Different,706.27
hp,Spectre x360,Ultrabook,13.3,16,windows 10,1.3,2049.0,4K Ultra HD,3840,2160,No,Yes,No,Intel,2.7,Core i7 7500U,512,0,SSD,No,Intel,HD Graphics 620,Ultra-Premium,1576.1538461538462,150.0,Innovation at its Best,2199.0
dell,Vostro 3568,Notebook,15.6,8,windows 10,2.18,750.0,Full HD,1920,1080,No,No,No,Intel,2.5,Core i5 7200U,256,0,SSD,No,Intel,HD Graphics 620,Mid-Range,344.0366972477064,50.0,Powerful and Reliable,800.0
hp,EliteBook 840,Notebook,14.0,4,windows 7,1.54,1030.99,Full HD,1920,1080,No,No,No,Intel,2.3,Core i5 6200U,500,0,HDD,No,Intel,HD Graphics 520,Premium,669.474025974026,150.0,Innovation at its Best,1180.99
hp,ZBook 15u,Workstation,15.6,8,windows 7,1.9,1495.0,Full HD,1920,1080,No,No,No,Intel,2.5,Core i7 6500U,256,0,SSD,No,AMD,FirePro W4190M,Premium,786.8421052631579,150.0,Innovation at its Best,1645.0
lenovo,ThinkPad T460,Notebook,14.0,8,windows 7,1.7,1199.0,Full HD,1920,1080,No,No,No,Intel,2.3,Core i5 6200U,180,0,SSD,No,Intel,HD Graphics 520,Premium,705.2941176470589,60.0,Think Different,1259.0
hp,Chromebook 13,Notebook,13.3,4,chrome os,1.29,615.0,Quad HD+,3200,1800,No,No,No,Intel,1.5,Pentium Dual Core 4405Y,32,0,Flash Storage,No,Intel,HD Graphics 515,Mid-Range,476.7441860465116,150.0,Innovation at its Best,765.0
acer,Aspire ES1-523,Notebook,15.6,4,windows 10,2.4,387.0,Standard,1366,768,No,No,No,AMD,2.2,A8-Series 7410,500,0,HDD,No,AMD,Radeon R5,Budget,161.25,55.0,Explore Beyond Limits,442.0
dell,Inspiron 3552,Notebook,15.6,4,linux,2.2,393.49,Standard,1366,768,No,No,No,Intel,1.6,Pentium Quad Core N3700,500,0,HDD,No,Intel,HD Graphics,Budget,178.8590909090909,50.0,Powerful and Reliable,443.49
hp,250 G6,Notebook,15.6,4,no os,1.86,345.99,Standard,1366,768,No,No,No,Intel,2.0,Core i3 6006U,1024,0,HDD,No,Intel,HD Graphics 520,Budget,186.01612903225805,150.0,Innovation at its Best,495.99
asus,Rog GL702VM-GC354T,Gaming,17.3,8,windows 10,2.7,1599.0,Full HD,1920,1080,No,Yes,No,Intel,2.8,Core i7 7700HQ,256,1024,SSD,HDD,Nvidia,GeForce GTX 1060,Ultra-Premium,592.2222222222222,45.0,Inspiring Innovation,1644.0
dell,Inspiron 5370,Ultrabook,13.3,4,windows 10,1.4,818.35,Full HD,1920,1080,No,Yes,No,Intel,1.6,Core i5 8250U,256,0,SSD,No,AMD,Radeon 530,Mid-Range,584.5357142857143,50.0,Powerful and Reliable,868.35
hp,Elitebook 820,Netbook,12.5,4,windows 7,2.4,1599.0,Standard,1366,768,No,No,No,Intel,2.3,Core i5 6200U,128,0,SSD,No,Intel,HD Graphics 520,Ultra-Premium,666.25,150.0,Innovation at its Best,1749.0
acer,Aspire F5-573G,Notebook,15.6,8,windows 10,2.4,799.0,Full HD,1920,1080,No,No,No,Intel,2.5,Core i5 7200U,256,1024,SSD,HDD,Nvidia,GeForce GTX 950M,Mid-Range,332.9166666666667,55.0,Explore Beyond Limits,854.0
dell,Inspiron 5567,Notebook,15.6,8,windows 10,2.36,638.8,Full HD,1920,1080,No,No,No,Intel,2.5,Core i5 7200U,1024,0,HDD,No,AMD,Radeon R7 M445,Mid-Range,270.6779661016949,50.0,Powerful and Reliable,688.8
msi,GS70 Stealth,Gaming,17.3,8,windows 10,2.6,1599.0,Full HD,1920,1080,No,No,No,Intel,2.6,Core i7 6700HQ,256,0,SSD,No,Nvidia,GeForce GTX 965M,Ultra-Premium,615.0,,,1599.0
hp,250 G5,Notebook,15.6,4,windows 10,1.96,500.0,Standard,1366,768,No,No,No,Intel,1.6,Pentium Quad Core N3710,1024,0,HDD,No,Intel,HD Graphics 405,Budget,255.1020408163265,150.0,Innovation at its Best,650.0
asus,G752VY-GC162T (i7-6700HQ/16GB/1TB,Gaming,17.3,16,windows 10,4.3,2299.0,Full HD,1920,1080,No,Yes,No,Intel,2.6,Core i7 6700HQ,128,1024,SSD,HDD,Nvidia,GeForce GTX 980M,Ultra-Premium,534.6511627906976,45.0,Inspiring Innovation,2344.0
dell,Latitude E5270,Ultrabook,12.5,4,windows 7,1.5,1135.15,Standard,1366,768,No,No,No,Intel,2.3,Core i3 6100U,500,0,HDD,No,Intel,HD Graphics 520,Premium,756.7666666666668,50.0,Powerful and Reliable,1185.15
dell,Latitude E5270,Ultrabook,12.5,4,windows 7,1.5,1166.97,Standard,1366,768,No,No,No,Intel,2.3,Core i3 6100U,128,0,SSD,No,Intel,HD Graphics 520,Premium,777.98,50.0,Powerful and Reliable,1216.97
acer,Chromebook 15,Notebook,15.6,4,chrome os,2.2,209.0,Standard,1366,768,No,No,No,Intel,1.5,Celeron Dual Core 3205U,16,0,SSD,No,Intel,HD Graphics,Budget,95.0,55.0,Explore Beyond Limits,264.0
hp,ZBook 17,Workstation,17.3,8,windows 7,3.0,2899.0,Full HD,1920,1080,No,Yes,No,Intel,2.6,Core i7 6700HQ,1024,0,HDD,No,AMD,FirePro W6150M,Ultra-Premium,966.3333333333334,150.0,Innovation at its Best,3049.0
lenovo,Legion Y520-15IKBN,Gaming,15.6,16,windows 10,2.4,1199.0,Full HD,1920,1080,No,No,No,Intel,2.8,Core i7 7700HQ,512,0,SSD,No,Nvidia,GeForce GTX 1050 Ti,Premium,499.58333333333337,60.0,Think Different,1259.0
dell,Latitude E5270,Ultrabook,12.5,8,windows 7,1.5,1413.1,Standard,1366,768,No,No,No,Intel,2.3,Core i5 6200U,256,0,SSD,No,Intel,HD Graphics 520,Premium,942.0666666666666,50.0,Powerful and Reliable,1463.1
msi,GE72 Apache,Gaming,17.3,8,windows 10,2.9,1511.19,Full HD,1920,1080,No,No,No,Intel,2.6,Core i7 6700HQ,128,1024,SSD,HDD,Nvidia,GeForce GTX 960M,Ultra-Premium,521.1,,,1511.19
lenovo,Yoga 500-15ISK,2 in 1 Convertible,15.6,4,windows 10,2.1,867.0,Full HD,1920,1080,Yes,Yes,No,Intel,2.3,Core i5 6200U,256,0,SSD,No,Intel,HD Graphics 520,Mid-Range,412.8571428571428,60.0,Think Different,927.0
hp,15-bw011nv (A6-9220/4GB/1TB/FHD/W10),Notebook,15.6,4,windows 10,2.1,398.0,Full HD,1920,1080,No,No,No,AMD,2.5,A6-Series 9220,1024,0,HDD,No,AMD,Radeon R4,Budget,189.52380952380952,150.0,Innovation at its Best,548.0
asus,Rog GL552VW-CN470T,Gaming,15.6,16,windows 10,2.59,1339.0,Full HD,1920,1080,No,Yes,No,Intel,2.6,Core i7 6700HQ,128,1024,SSD,HDD,Nvidia,GeForce GTX 960M,Premium,516.988416988417,45.0,Inspiring Innovation,1384.0
hp,EliteBook 1030,Notebook,13.3,8,windows 10,1.16,1699.0,Quad HD+,3200,1800,Yes,No,No,Intel,1.1,Core M 6Y54,256,0,SSD,No,Intel,HD Graphics 515,Ultra-Premium,1464.6551724137933,150.0,Innovation at its Best,1849.0
dell,Vostro 3559,Notebook,15.6,4,windows 7,2.24,769.15,Standard,1366,768,No,No,No,Intel,2.3,Core i5 6200U,500,0,HDD,No,AMD,Radeon R5 M315,Mid-Range,343.37053571428567,50.0,Powerful and Reliable,819.15
lenovo,V110-15ISK (i3-6006U/4GB/128GB/W10),Notebook,15.6,4,windows 10,2.1,429.0,Standard,1366,768,No,No,No,Intel,2.0,Core i3 6006U,128,0,SSD,No,Intel,HD Graphics 520,Budget,204.28571428571428,60.0,Think Different,489.0
hp,Spectre Pro,Ultrabook,13.3,8,windows 10,1.16,1969.0,Full HD,1920,1080,No,No,No,Intel,2.5,Core i7 6500U,512,0,SSD,No,Intel,HD Graphics 520,Ultra-Premium,1697.4137931034484,150.0,Innovation at its Best,2119.0
lenovo,Yoga Book,2 in 1 Convertible,10.1,4,android,0.69,549.0,Standard,1920,1200,Yes,Yes,No,Intel,1.44,Atom x5-Z8550,64,0,Flash Storage,No,Intel,HD Graphics 400,Mid-Range,795.6521739130435,60.0,Think Different,609.0
dell,XPS 13,Ultrabook,13.3,8,windows 10,1.23,1379.0,Full HD,1920,1080,No,No,No,Intel,2.4,Core i7 7560U,256,0,SSD,No,Intel,Iris Plus Graphics 640,Premium,1121.138211382114,50.0,Powerful and Reliable,1429.0
lenovo,IdeaPad Y900-17ISK,Gaming,17.3,16,windows 10,4.6,2749.99,Full HD,1920,1080,No,Yes,No,Intel,2.7,Core i7 6820HK,256,1024,SSD,Hybrid,Nvidia,GeForce GTX 980M,Ultra-Premium,597.8239130434782,60.0,Think Different,2809.99
razer,Blade Stealth,Ultrabook,12.5,8,windows 10,1.25,1029.0,4K Ultra HD,3840,2160,Yes,No,No,Intel,2.5,Core i7 6500U,256,0,SSD,No,Intel,HD Graphics 520,Premium,823.2,,,1029.0
toshiba,Portege X30-D-10K,Ultrabook,13.3,16,windows 10,1.05,2226.0,Full HD,1920,1080,No,No,No,Intel,2.7,Core i7 7500U,512,0,SSD,No,Intel,HD Graphics 620,Ultra-Premium,2120.0,,,2226.0
asus,Rog GL752VW-T4308T,Gaming,17.3,8,windows 10,3.52,1312.49,Full HD,1920,1080,No,No,No,Intel,2.6,Core i7 6700HQ,128,1024,SSD,HDD,Nvidia,GeForce GTX 960M,Premium,372.86647727272725,45.0,Inspiring Innovation,1357.49
vero,V131 (X5-Z8350/4GB/32GB/FHD/W10),Notebook,13.3,4,windows 10,1.35,196.0,Full HD,1920,1080,No,No,No,Intel,1.44,Atom X5-Z8350,32,0,Flash Storage,No,Intel,HD Graphics 400,Budget,145.18518518518516,,,196.0
hp,Spectre Pro,Notebook,13.3,8,windows 10,1.16,1690.0,Full HD,1920,1080,No,No,No,Intel,2.3,Core i5 6200U,256,0,SSD,No,Intel,HD Graphics 520,Ultra-Premium,1456.896551724138,150.0,Innovation at its Best,1840.0
hp,EliteBook 1040,Notebook,14.0,8,windows 7,1.43,1513.0,Full HD,1920,1080,No,No,No,Intel,2.3,Core i5 6200U,256,0,SSD,No,Intel,HD Graphics 520,Ultra-Premium,1058.0419580419582,150.0,Innovation at its Best,1663.0
dell,Latitude E5570,Notebook,15.6,4,linux,2.09,523.63,Standard,1366,768,No,No,No,Intel,2.3,Core i5 6200U,500,0,HDD,No,Intel,HD Graphics 520,Mid-Range,250.54066985645932,50.0,Powerful and Reliable,573.63
asus,VivoBook Max,Notebook,15.6,4,windows 10,2.0,435.0,Standard,1366,768,No,No,No,Intel,2.4,Core i3 7100U,1024,0,HDD,No,Intel,HD Graphics 620,Budget,217.5,45.0,Inspiring Innovation,480.0
lenovo,ThinkPad Yoga,2 in 1 Convertible,14.0,8,windows 10,1.8,1669.0,Full HD,1920,1080,Yes,Yes,No,Intel,2.5,Core i7 6500U,256,0,SSD,No,Intel,HD Graphics 520,Ultra-Premium,927.2222222222222,60.0,Think Different,1729.0
lenovo,Yoga Book,2 in 1 Convertible,10.1,4,windows 10,0.69,479.0,Standard,1920,1200,Yes,Yes,No,Intel,1.44,Atom x5-Z8550,64,0,Flash Storage,No,Intel,HD Graphics 400,Budget,694.2028985507247,60.0,Think Different,539.0
hp,EliteBook 820,Ultrabook,12.5,8,windows 7,1.26,1895.0,Standard,1366,768,No,No,No,Intel,2.4,Core i5 6300U,256,0,SSD,No,Intel,HD Graphics 520,Ultra-Premium,1503.968253968254,150.0,Innovation at its Best,2045.0
lenovo,Legion Y520-15IKBN,Gaming,15.6,8,no os,2.4,989.0,Full HD,1920,1080,No,Yes,No,Intel,2.5,Core i5 7300HQ,128,1024,SSD,HDD,Nvidia,GeForce GTX 1060,Mid-Range,412.08333333333337,60.0,Think Different,1049.0
hp,Omen -,Gaming,17.3,8,windows 10,3.35,1129.0,Full HD,1920,1080,No,Yes,No,Intel,2.3,Core i5 6300HQ,128,1024,SSD,HDD,Nvidia,GeForce GTX 1060,Premium,337.0149253731343,150.0,Innovation at its Best,1279.0
hp,15-bs078cl (i7-7500U/8GB/2TB/W10),Notebook,15.6,8,windows 10,2.04,629.0,Standard,1366,768,No,No,No,Intel,2.7,Core i7 7500U,2048,0,HDD,No,Intel,HD Graphics 620,Mid-Range,308.3333333333333,150.0,Innovation at its Best,779.0
lenovo,ThinkPad P40,2 in 1 Convertible,14.0,8,windows 7,1.8,2050.38,Full HD,1920,1080,Yes,Yes,No,Intel,2.6,Core i7 6600U,512,0,SSD,No,Nvidia,Quadro M500M,Ultra-Premium,1139.1,60.0,Think Different,2110.38
asus,L403NA-GA013TS (N3350/4GB/32GB/W10),Notebook,14.0,4,windows 10,1.5,278.0,Standard,1366,768,No,No,No,Intel,1.1,Celeron Dual Core N3350,32,0,Flash Storage,No,Intel,HD Graphics 500,Budget,185.33333333333331,45.0,Inspiring Innovation,323.0
hp,250 G6,Ultrabook,15.6,8,windows 10,1.84,752.0,Full HD,1920,1080,No,No,No,Intel,2.7,Core i7 7500U,256,0,SSD,No,Intel,HD Graphics 620,Mid-Range,408.695652173913,150.0,Innovation at its Best,902.0
acer,Aspire E5-576G,Notebook,15.6,4,windows 10,2.23,616.0,Full HD,1920,1080,No,No,No,Intel,2.5,Core i5 7200U,1024,0,HDD,No,Nvidia,GeForce 940MX,Mid-Range,276.23318385650225,55.0,Explore Beyond Limits,671.0
lenovo,IdeaPad 500-15ISK,Notebook,15.6,16,windows 10,2.5,1099.0,Full HD,1920,1080,No,No,No,Intel,2.5,Core i7 6500U,1024,0,Hybrid,No,AMD,Radeon R7 M360,Premium,439.6,60.0,Think Different,1159.0
hp,ZBook 17,Workstation,17.3,8,windows 7,3.0,3949.4,Full HD,1920,1080,No,Yes,No,Intel,2.6,Core i7 6700HQ,256,0,SSD,No,Nvidia,Quadro M3000M,Ultra-Premium,1316.4666666666667,150.0,Innovation at its Best,4099.4
dell,Inspiron 5567,Notebook,15.6,8,windows 10,2.5,784.0,Standard,1366,768,No,No,No,Intel,2.5,Core i5 7200U,1024,0,HDD,No,AMD,Radeon R7 M445,Mid-Range,313.6,50.0,Powerful and Reliable,834.0
msi,GT72S Dominator,Gaming,17.3,16,windows 10,3.78,2399.0,Full HD,1920,1080,No,No,No,Intel,2.7,Core i7 6820HQ,256,1024,SSD,HDD,Nvidia,GeForce GTX 980M,Ultra-Premium,634.6560846560847,,,2399.0
hp,EliteBook 850,Ultrabook,15.6,8,windows 7,1.88,2171.72,Full HD,1920,1080,No,No,No,Intel,2.5,Core i7 6500U,256,0,SSD,No,Intel,HD Graphics 520,Ultra-Premium,1155.170212765957,150.0,Innovation at its Best,2321.72
lenovo,ThinkPad X1,2 in 1 Convertible,14.0,16,windows 10,2.8,2440.0,Standard,2560,1440,Yes,Yes,No,Intel,2.6,Core i7 6600U,512,0,SSD,No,Intel,HD Graphics 520,Ultra-Premium,871.4285714285714,60.0,Think Different,2500.0
msi,GP62M 7RDX,Gaming,15.6,8,windows 10,2.4,1142.8,Full HD,1920,1080,No,No,No,Intel,2.8,Core i7 7700HQ,128,1024,SSD,HDD,Nvidia,GeForce GTX 1050,Premium,476.1666666666667,,,1142.8
hp,Spectre Pro,2 in 1 Convertible,13.3,8,windows 10,1.48,1629.0,Full HD,1920,1080,Yes,No,No,Intel,2.4,Core i5 6300U,256,0,SSD,No,Intel,HD Graphics 520,Ultra-Premium,1100.6756756756756,150.0,Innovation at its Best,1779.0
hp,ZBook 15,Workstation,15.6,8,windows 7,2.59,2229.0,Full HD,1920,1080,No,Yes,No,Intel,2.6,Core i7 6700HQ,256,0,SSD,No,Nvidia,Quadro M1000M,Ultra-Premium,860.6177606177606,150.0,Innovation at its Best,2379.0
hp,Spectre Pro,2 in 1 Convertible,13.3,8,windows 10,1.48,1799.0,Standard,2560,1440,Yes,No,No,Intel,2.6,Core i7 6600U,256,0,SSD,No,Intel,HD Graphics 520,Ultra-Premium,1215.5405405405406,150.0,Innovation at its Best,1949.0
hp,ZBook Studio,Workstation,15.6,8,windows 7,2.0,1899.0,Full HD,1920,1080,No,No,No,Intel,2.6,Core i7 6700HQ,256,0,SSD,No,Nvidia,Quadro M1000M,Ultra-Premium,949.5,150.0,Innovation at its Best,2049.0
hp,EliteBook 820,Ultrabook,12.5,8,windows 7,1.26,2296.95,Full HD,1920,1080,No,No,No,Intel,2.5,Core i7 6500U,256,0,SSD,No,Intel,HD Graphics 520,Ultra-Premium,1822.9761904761904,150.0,Innovation at its Best,2446.95
dell,Vostro 5568,Notebook,15.6,8,windows 10,2.18,1009.9,Full HD,1920,1080,No,No,No,Intel,2.7,Core i7 7500U,256,0,SSD,No,Nvidia,GeForce 940MX,Premium,463.2568807339449,50.0,Powerful and Reliable,1059.9
hp,EliteBook 850,Notebook,15.6,8,windows 7,1.88,1579.0,Full HD,1920,1080,No,No,No,Intel,2.3,Core i5 6200U,256,0,SSD,No,Intel,HD Graphics 520,Ultra-Premium,839.8936170212767,150.0,Innovation at its Best,1729.0
lenovo,ThinkPad X1,2 in 1 Convertible,14.0,8,windows 10,1.27,2339.0,Standard,2560,1440,Yes,Yes,No,Intel,2.5,Core i7 6500U,256,0,SSD,No,Intel,HD Graphics 520,Ultra-Premium,1841.732283464567,60.0,Think Different,2399.0
lenovo,V110-15ISK (i3-6006U/4GB/1TB/No,Notebook,15.6,4,no os,1.9,339.0,Standard,1366,768,No,No,No,Intel,2.0,Core i3 6006U,1024,0,HDD,No,Intel,HD Graphics 520,Budget,178.42105263157896,60.0,Think Different,399.0
hp,15-BA015wm (E2-7110/4GB/500GB/W10),Notebook,15.6,4,windows 10,1.86,297.0,Standard,1366,768,No,No,No,AMD,1.8,E-Series 7110,500,0,HDD,No,AMD,Radeon R2 Graphics,Budget,159.6774193548387,150.0,Innovation at its Best,447.0
lenovo,B51-80 (i5-6200U/8GB/1TB/Radeon,Notebook,15.6,8,no os,2.32,599.0,Full HD,1920,1080,No,No,No,Intel,2.3,Core i5 6200U,1024,0,HDD,No,AMD,Radeon R5 M330,Mid-Range,258.18965517241384,60.0,Think Different,659.0
dell,Inspiron 7567,Gaming,15.6,8,windows 10,2.62,1199.0,Full HD,1920,1080,No,No,No,Intel,2.8,Core i7 7700HQ,1024,0,HDD,No,Nvidia,GeForce GTX 1050Ti,Premium,457.6335877862595,50.0,Powerful and Reliable,1249.0
dell,XPS 15,Notebook,15.6,8,windows 10,2.04,2250.68,4K Ultra HD,3840,2160,Yes,Yes,No,Intel,2.3,Core i5 6300HQ,256,0,SSD,No,Nvidia,GeForce 960M,Ultra-Premium,1103.2745098039215,50.0,Powerful and Reliable,2300.68
hp,15-bw002nv (A6-9220/4GB/256GB/Radeon,Notebook,15.6,4,windows 10,1.91,478.89,Full HD,1920,1080,No,No,No,AMD,2.5,A6-Series A6-9220,256,0,SSD,No,AMD,Radeon 520,Budget,250.7277486910995,150.0,Innovation at its Best,628.89
msi,GP72M 7REX,Gaming,17.3,16,windows 10,2.7,1492.8,Full HD,1920,1080,No,No,No,Intel,2.8,Core i7 7700HQ,256,1024,SSD,HDD,Nvidia,GeForce GTX 1050 Ti,Premium,552.8888888888888,,,1492.8
lenovo,ThinkPad T460s,Ultrabook,14.0,12,windows 7,1.4,2299.0,Full HD,1920,1080,No,No,No,Intel,2.6,Core i7 6600U,512,0,SSD,No,Intel,HD Graphics 520,Ultra-Premium,1642.142857142857,60.0,Think Different,2359.0
lenovo,B51-80 (i5-6200U/8GB/1008GB/Radeon,Notebook,15.6,8,windows 10,2.5,788.49,Full HD,1920,1080,No,No,No,Intel,2.3,Core i5 6200U,1024,0,Hybrid,No,AMD,Radeon R5 M330,Mid-Range,315.396,60.0,Think Different,848.49
hp,Spectre Pro,2 in 1 Convertible,13.3,8,windows 10,1.48,2041.0,Standard,2560,1440,Yes,No,No,Intel,2.6,Core i7 6600U,512,0,SSD,No,Intel,HD Graphics 520,Ultra-Premium,1379.0540540540542,150.0,Innovation at its Best,2191.0
lenovo,ThinkPad T460,Ultrabook,14.0,8,windows 7,1.7,1499.0,Full HD,1920,1080,No,No,No,Intel,2.6,Core i7 6600U,256,0,SSD,No,Intel,HD Graphics 520,Premium,881.7647058823529,60.0,Think Different,1559.0
msi,GS40 Phantom,Gaming,14.0,16,windows 10,1.7,1769.0,Full HD,1920,1080,No,No,No,Intel,2.6,Core i7 6700HQ,256,1024,SSD,HDD,Nvidia,GeForce GTX 970M,Ultra-Premium,1040.5882352941176,,,1769.0
hp,Pavilion 15-cb003nv,Gaming,15.6,8,windows 10,2.62,899.0,Full HD,1920,1080,No,Yes,No,Intel,2.8,Core i7 7700HQ,1024,0,HDD,No,Nvidia,GeForce GTX 1050,Mid-Range,343.1297709923664,150.0,Innovation at its Best,1049.0
lenovo,IdeaPad 310-15ISK,Notebook,15.6,8,windows 10,2.2,459.0,Standard,1366,768,No,No,No,Intel,2.0,Core i3 6006U,1024,0,HDD,No,Intel,HD Graphics 520,Budget,208.63636363636363,60.0,Think Different,519.0
hp,250 G4,Notebook,15.6,4,no os,2.1,476.99,Standard,1366,768,No,No,No,Intel,2.3,Core i5 6200U,500,0,HDD,No,Intel,HD Graphics 520,Budget,227.13809523809525,150.0,Innovation at its Best,626.99
dell,Inspiron 7567,Gaming,15.6,8,windows 10,2.62,1498.0,4K Ultra HD,3840,2160,No,No,No,Intel,2.8,Core i7 7700HQ,128,1024,SSD,HDD,Nvidia,GeForce GTX 1050 Ti,Premium,571.7557251908397,50.0,Powerful and Reliable,1548.0
lenovo,ThinkPad T570,Notebook,15.6,8,windows 10,1.95,1390.0,Full HD,1920,1080,No,Yes,No,Intel,2.5,Core i5 7200U,256,0,SSD,No,Intel,HD Graphics 620,Premium,712.8205128205128,60.0,Think Different,1450.0
lenovo,320-15ISK (i3-6006U/4GB/1TB/GeForce,Notebook,15.6,4,windows 10,2.2,468.0,Full HD,1920,1080,No,No,No,Intel,2.0,Core i3 6006U,1024,0,HDD,No,Nvidia,GeForce 920MX ,Budget,212.72727272727272,60.0,Think Different,528.0
hp,Stream 14-AX000nv,Notebook,14.0,2,windows 10,1.44,249.0,Standard,1366,768,No,No,No,Intel,1.6,Celeron Dual Core N3060,32,0,Flash Storage,No,Intel,HD Graphics 400,Budget,172.91666666666669,150.0,Innovation at its Best,399.0
msi,PL60 7RD,Gaming,15.6,8,windows 10,2.2,839.0,Full HD,1920,1080,No,Yes,No,Intel,2.7,Core i7 7500U,1024,0,HDD,No,Nvidia,GeForce GTX 1050,Mid-Range,381.3636363636363,,,839.0
hp,250 G5,Notebook,15.6,8,windows 10,1.96,679.0,Full HD,1920,1080,No,No,No,Intel,2.5,Core i7 6500U,256,0,SSD,No,Intel,HD Graphics 520,Mid-Range,346.42857142857144,150.0,Innovation at its Best,829.0
hp,ProBook 450,Notebook,15.6,16,windows 10,2.1,1159.0,Full HD,1920,1080,No,No,No,Intel,1.8,Core i7 8550U,512,0,SSD,No,Intel,UHD Graphics 620,Premium,551.9047619047619,150.0,Innovation at its Best,1309.0
asus,X553SA-XX021T (N3050/4GB/500GB/W10),Notebook,15.6,4,windows 10,2.2,369.0,Standard,1366,768,No,No,No,Intel,1.6,Celeron Dual Core N3050,500,0,HDD,No,Intel,HD Graphics,Budget,167.72727272727272,45.0,Inspiring Innovation,414.0
lenovo,V110-15ISK (i5-6200U/4GB/500GB/No,Notebook,15.6,4,no os,2.1,398.0,Standard,1366,768,No,No,No,Intel,2.3,Core i5 6200U,500,0,HDD,No,Intel,HD Graphics 520,Budget,189.52380952380952,60.0,Think Different,458.0
lenovo,IdeaPad 510-15IKB,Notebook,15.6,8,no os,2.2,709.0,Full HD,1920,1080,No,No,No,Intel,2.7,Core i7 7500U,1024,0,HDD,No,Nvidia,GeForce 940MX,Mid-Range,322.27272727272725,60.0,Think Different,769.0
asus,UX410UA-GV097T (i3-7100U/4GB/256GB/FHD/W10),Notebook,14.0,4,windows 10,2.0,769.0,Full HD,1920,1080,No,No,No,Intel,2.4,Core i3 7100U,256,0,SSD,No,Intel,HD Graphics 620,Mid-Range,384.5,45.0,Inspiring Innovation,814.0
lenovo,B51-80 (i7-6500U/4GB/1008GB/FHD/W7),Notebook,15.6,4,windows 7,2.32,825.0,Full HD,1920,1080,No,No,No,Intel,2.5,Core i7 6500U,1024,0,Hybrid,No,Intel,HD Graphics 520,Mid-Range,355.6034482758621,60.0,Think Different,885.0
lenovo,IdeaPad Y700-15ISK,Gaming,15.6,16,windows 10,3.31,1305.0,Full HD,1920,1080,No,Yes,No,Intel,2.6,Core i7 6700HQ,512,0,SSD,No,Nvidia,GeForce GTX 960,Premium,394.2598187311178,60.0,Think Different,1365.0
msi,GS60 Ghost,Gaming,15.6,16,windows 10,1.91,2153.37,Full HD,1920,1080,No,No,No,Intel,2.6,Core i7 6700HQ,128,1024,SSD,HDD,Nvidia,GeForce GTX 970M,Ultra-Premium,1127.4188481675392,,,2153.37
hp,ProBook 450,Notebook,15.6,4,windows 10,2.07,650.0,Standard,1366,768,No,No,No,Intel,2.3,Core i3 6100U,500,0,HDD,No,Intel,HD Graphics 520,Mid-Range,314.00966183574883,150.0,Innovation at its Best,800.0
lenovo,ThinkPad X1,2 in 1 Convertible,14.0,8,windows 10,1.36,1637.0,Standard,2560,1440,Yes,Yes,No,Intel,2.3,Core i5 6200U,256,0,SSD,No,Intel,HD Graphics 520,Ultra-Premium,1203.6764705882351,60.0,Think Different,1697.0
lenovo,IdeaPad 310-15IKB,Ultrabook,15.6,6,windows 10,1.54,831.0,Full HD,1920,1080,No,No,No,Intel,2.7,Core i7 7500U,256,0,SSD,No,Nvidia,GeForce 920M,Mid-Range,539.6103896103896,60.0,Think Different,891.0
dell,Vostro 5568,Notebook,15.6,8,linux,1.98,895.01,Full HD,1920,1080,No,No,No,Intel,2.7,Core i7 7500U,256,0,SSD,No,Nvidia,GeForce GT 940MX,Mid-Range,452.0252525252525,50.0,Powerful and Reliable,945.01
acer,Aspire 3,Notebook,15.6,4,windows 10,2.1,333.0,Standard,1366,768,No,No,No,Intel,2.0,Celeron Dual Core N3350,500,0,HDD,No,Intel,HD Graphics 500,Budget,158.57142857142856,55.0,Explore Beyond Limits,388.0
hp,Pavilion 15-BC000nv,Notebook,15.6,6,windows 10,2.18,799.0,Full HD,1920,1080,No,Yes,No,Intel,2.6,Core i7 6700HQ,1024,0,HDD,No,Nvidia,GeForce GTX 960M,Mid-Range,366.5137614678899,150.0,Innovation at its Best,949.0
asus,Rog GL552VW-DM201T,Gaming,15.6,8,windows 10,2.591,909.0,Full HD,1920,1080,No,Yes,No,Intel,2.6,Core i7 6700HQ,256,1024,SSD,HDD,Nvidia,GeForce GTX 960M,Mid-Range,350.8297954457738,45.0,Inspiring Innovation,954.0
dell,Inspiron 5578,2 in 1 Convertible,15.6,16,windows 10,2.09,1179.0,Full HD,1920,1080,Yes,No,No,Intel,2.7,Core i7 7500U,512,0,SSD,No,Intel,HD Graphics 620,Premium,564.1148325358852,50.0,Powerful and Reliable,1229.0
acer,Aspire E5-576G,Notebook,15.6,4,windows 10,2.23,691.0,Full HD,1920,1080,No,No,No,Intel,2.5,Core i5 7200U,256,0,SSD,No,Nvidia,GeForce 940MX,Mid-Range,309.86547085201795,55.0,Explore Beyond Limits,746.0
dell,XPS 13,Ultrabook,13.3,8,linux,1.23,1099.0,Quad HD+,3200,1800,Yes,No,No,Intel,2.4,Core i5 6300U,256,0,SSD,No,Intel,HD Graphics 520,Premium,893.4959349593496,50.0,Powerful and Reliable,1149.0
acer,Predator G9-793,Gaming,17.3,16,windows 10,4.2,2599.0,Full HD,1920,1080,No,Yes,No,Intel,2.8,Core i7 7700HQ,256,1024,SSD,HDD,Nvidia,GeForce GTX 1070,Ultra-Premium,618.8095238095237,55.0,Explore Beyond Limits,2654.0
lenovo,Legion Y520-15IKBN,Gaming,15.6,8,windows 10,2.4,819.0,Full HD,1920,1080,No,Yes,No,Intel,2.5,Core i5 7300HQ,1024,0,HDD,No,Nvidia,GeForce GTX 1050,Mid-Range,341.25,60.0,Think Different,879.0
samsung,Chromebook Plus,2 in 1 Convertible,12.3,4,chrome os,1.15,659.0,Standard,2400,1600,Yes,Yes,No,Samsung,2.0,Cortex A72&A53,32,0,Flash Storage,No,ARM,Mali T860 MP4,Mid-Range,573.0434782608696,,,659.0
hp,250 G6,Notebook,15.6,4,windows 10,1.86,485.0,Standard,1366,768,No,No,No,Intel,2.5,Core i5 7200U,500,0,HDD,No,Intel,HD Graphics 620,Budget,260.752688172043,150.0,Innovation at its Best,635.0
apple,"MacBook 12""",Ultrabook,12.0,8,mac os x,0.92,1163.0,Standard,2304,1440,No,Yes,Yes,Intel,1.1,Core M,256,0,Flash Storage,No,Intel,HD Graphics 5300,Premium,1264.1304347826087,,,1163.0
dell,Inspiron 7378,2 in 1 Convertible,13.3,8,windows 10,1.6,1199.0,Full HD,1920,1080,Yes,Yes,No,Intel,2.5,Core i5 7200U,256,0,SSD,No,Intel,HD Graphics 620,Premium,749.375,50.0,Powerful and Reliable,1249.0
hp,Pavilion Power,Notebook,15.6,12,windows 10,2.21,1327.0,Full HD,1920,1080,No,Yes,No,Intel,2.8,Core i7 7700HQ,128,1024,SSD,HDD,Nvidia,GeForce GTX 1050,Premium,600.4524886877828,150.0,Innovation at its Best,1477.0
lenovo,V110-15ISK (i3-6006U/4GB/1TB/Radeon,Notebook,15.6,4,no os,1.9,368.0,Standard,1366,768,No,No,No,Intel,2.0,Core i3 6006U,1024,0,HDD,No,AMD,Radeon R5 M430,Budget,193.6842105263158,60.0,Think Different,428.0
asus,Rog G752VY-GC229T,Gaming,17.3,16,windows 10,4.3,2150.0,Full HD,1920,1080,No,Yes,No,Intel,2.6,Core i7 6700HQ,512,1024,SSD,HDD,Nvidia,GeForce GTX 980M,Ultra-Premium,500.0,45.0,Inspiring Innovation,2195.0
acer,Aspire 3,Notebook,15.6,4,linux,2.1,272.0,Standard,1366,768,No,No,No,Intel,2.0,Celeron Dual Core N3350,1024,0,HDD,No,Intel,HD Graphics 500,Budget,129.52380952380952,55.0,Explore Beyond Limits,327.0
msi,GS73VR 7RF,Gaming,17.3,16,windows 10,2.43,2048.9,Full HD,1920,1080,No,No,No,Intel,2.8,Core i7 7700HQ,256,1024,SSD,HDD,Nvidia,GeForce GTX 1060,Ultra-Premium,843.1687242798354,,,2048.9
dell,Inspiron 5567,Notebook,15.6,4,windows 10,2.3,499.0,Standard,1366,768,No,No,No,Intel,2.0,Core i3 6006U,128,0,SSD,No,AMD,Radeon R7 M440,Budget,216.9565217391305,50.0,Powerful and Reliable,549.0
lenovo,IdeaPad 310-15ISK,Notebook,15.6,8,no os,2.2,629.0,Standard,1366,768,No,No,No,Intel,2.5,Core i7 6500U,500,0,HDD,No,Nvidia,GeForce 920MX,Mid-Range,285.9090909090909,60.0,Think Different,689.0
dell,Inspiron 5579,2 in 1 Convertible,15.6,16,windows 10,2.0,1285.0,Full HD,1920,1080,Yes,No,No,Intel,1.8,Core i7 8550U,512,0,SSD,No,Intel,UHD Graphics 620,Premium,642.5,50.0,Powerful and Reliable,1335.0
dell,XPS 13,Ultrabook,13.3,16,windows 10,1.2,2680.0,Quad HD+,3200,1800,Yes,No,No,Intel,2.7,Core i7 7500U,512,0,SSD,No,Intel,HD Graphics 620,Ultra-Premium,2233.333333333333,50.0,Powerful and Reliable,2730.0
asus,FX502VM-DM105T (i7-6700HQ/8GB/1TB/GeForce,Gaming,15.6,8,windows 10,2.2,1169.0,Full HD,1920,1080,No,No,No,Intel,2.6,Core i7 6700HQ,1024,0,HDD,No,Nvidia,GeForce GTX 1060,Premium,531.3636363636364,45.0,Inspiring Innovation,1214.0
dell,Inspiron 5567,Notebook,15.6,8,windows 10,2.36,889.0,Full HD,1920,1080,No,No,No,Intel,2.5,Core i5 7200U,256,0,SSD,No,AMD,Radeon R7 M445,Mid-Range,376.6949152542373,50.0,Powerful and Reliable,939.0
hp,15-bs025nv (i5-7200U/8GB/256GB/W10),Notebook,15.6,8,windows 10,1.91,579.0,Standard,1366,768,No,No,No,Intel,2.5,Core i5 7200U,256,0,SSD,No,Intel,HD Graphics 620,Mid-Range,303.14136125654454,150.0,Innovation at its Best,729.0
lenovo,IdeaPad 320-15AST,Notebook,15.6,4,windows 10,2.2,299.0,Standard,1366,768,No,No,No,AMD,2.2,E-Series 9000,500,0,HDD,No,AMD,Radeon R2 Graphics,Budget,135.9090909090909,60.0,Think Different,359.0
acer,Aspire E5-774G,Notebook,17.3,8,windows 10,3.3,629.0,Standard,1600,900,No,No,No,Intel,2.0,Core i3 6006U,1024,0,HDD,No,Nvidia,GeForce 940MX,Mid-Range,190.60606060606065,55.0,Explore Beyond Limits,684.0
asus,Rog Strix,Gaming,15.6,16,windows 10,2.2,2449.0,Full HD,1920,1080,No,No,No,Intel,2.8,Core i7 7700HQ,256,1024,SSD,HDD,Nvidia,GeForce GTX 1070,Ultra-Premium,1113.181818181818,45.0,Inspiring Innovation,2494.0
apple,"MacBook 12""",Ultrabook,12.0,8,mac os x,0.92,1279.0,Standard,2304,1440,No,Yes,Yes,Intel,1.2,Core M,512,0,Flash Storage,No,Intel,HD Graphics 515,Premium,1390.2173913043478,,,1279.0
asus,FX502VM-AS73 (i7-7700HQ/16GB/1TB,Notebook,15.6,16,windows 10,2.2,1749.0,Full HD,1920,1080,No,No,No,Intel,2.8,Core i7 7700HQ,128,1024,SSD,HDD,Nvidia,GeForce GTX 1060,Ultra-Premium,794.9999999999999,45.0,Inspiring Innovation,1794.0
msi,GS73VR Stealth,Gaming,17.3,16,windows 10,2.43,1948.99,Full HD,1920,1080,No,Yes,No,Intel,2.6,Core i7 6700HQ,256,1024,SSD,HDD,Nvidia,GeForce GTX 1060,Ultra-Premium,802.0534979423868,,,1948.99
dell,Inspiron 7579,2 in 1 Convertible,15.6,8,windows 10,2.191,999.0,Full HD,1920,1080,Yes,Yes,No,Intel,2.5,Core i5 7200U,256,0,SSD,No,Intel,HD Graphics 620,Mid-Range,455.9561843906892,50.0,Powerful and Reliable,1049.0
asus,ROG Strix,Gaming,17.3,16,windows 10,2.9,1949.0,Full HD,1920,1080,No,No,No,Intel,2.8,Core i7 7700HQ,256,1024,SSD,HDD,Nvidia,GeForce GTX 1060,Ultra-Premium,672.0689655172414,45.0,Inspiring Innovation,1994.0
acer,C740-C9QX (3205U/2GB/32GB/Chrome,Netbook,11.6,2,chrome os,1.3,174.0,Standard,1366,768,No,No,No,Intel,1.5,Celeron Dual Core 3205U,32,0,SSD,No,Intel,HD Graphics,Budget,133.84615384615384,55.0,Explore Beyond Limits,229.0
acer,E5 774G,Notebook,17.3,4,windows 10,3.3,598.0,Standard,1600,900,No,No,No,Intel,2.0,Core i3 6006U,1024,0,HDD,No,Nvidia,GeForce 940MX,Mid-Range,181.2121212121212,55.0,Explore Beyond Limits,653.0
lenovo,IdeaPad 320-17IKB,Notebook,17.3,8,no os,2.8,539.0,Standard,1600,900,No,No,No,Intel,2.5,Core i5 7200U,1024,0,HDD,No,Intel,HD Graphics 620,Mid-Range,192.5,60.0,Think Different,599.0
lenovo,IdeaPad Y700-15ISK,Gaming,15.6,8,windows 10,2.6,1272.0,Full HD,1920,1080,No,Yes,No,Intel,2.6,Core i7 6700HQ,128,1024,SSD,HDD,Nvidia,GeForce GTX 960<U+039C>,Premium,489.2307692307692,60.0,Think Different,1332.0
acer,SP714-51 (i7-7Y75/8GB/256GB/FHD/W10),2 in 1 Convertible,14.0,8,windows 10,1.2,1149.0,Full HD,1920,1080,Yes,Yes,No,Intel,1.3,Core i7 7Y75,256,0,SSD,No,Intel,HD Graphics 615,Premium,957.5,55.0,Explore Beyond Limits,1204.0
lenovo,Thinkpad T560,Notebook,15.6,8,windows 10,2.3,1529.0,Full HD,1920,1080,No,Yes,No,Intel,2.6,Core i7 6600U,256,0,SSD,No,Intel,HD Graphics 520,Ultra-Premium,664.7826086956522,60.0,Think Different,1589.0
msi,GP62MVR 6RF,Gaming,15.6,8,windows 10,2.2,1476.11,Full HD,1920,1080,No,No,No,Intel,2.6,Core i7 6700HQ,128,1024,SSD,HDD,Nvidia,GeForce GTX 1060,Premium,670.9590909090908,,,1476.11
hp,15-bw009nv (A12-9720P/6GB/1TB/Radeon,Notebook,15.6,6,windows 10,2.1,529.0,Full HD,1920,1080,No,No,No,AMD,2.7,A12-Series 9720P,1024,0,HDD,No,AMD,Radeon 530,Mid-Range,251.9047619047619,150.0,Innovation at its Best,679.0
dell,Latitude E7270,Ultrabook,12.5,8,windows 7,1.26,1713.37,Full HD,1920,1080,Yes,No,No,Intel,2.4,Core i5 6300U,256,0,SSD,No,Intel,HD Graphics 520,Ultra-Premium,1359.8174603174602,50.0,Powerful and Reliable,1763.37
dell,Inspiron 5578,2 in 1 Convertible,15.0,4,windows 10,2.08,509.0,Full HD,1920,1080,Yes,No,No,Intel,2.4,Core i3 7100U,500,0,HDD,No,Intel,HD Graphics 620,Mid-Range,244.71153846153845,50.0,Powerful and Reliable,559.0
asus,X540SA-RBPDN09 (N3710/4GB/1TB/W10),Notebook,15.6,4,windows 10,2.65,309.0,Standard,1366,768,No,No,No,Intel,1.6,Pentium Quad Core N3710,1024,0,HDD,No,Intel,HD Graphics 405,Budget,116.60377358490568,45.0,Inspiring Innovation,354.0
dell,XPS 13,Ultrabook,13.3,8,windows 10,1.29,1477.0,Quad HD+,3200,1800,Yes,No,No,Intel,2.7,Core i7 7500U,256,0,SSD,No,Intel,HD Graphics 620,Premium,1144.9612403100775,50.0,Powerful and Reliable,1527.0
dell,Vostro 3568,Notebook,15.6,4,linux,2.18,521.86,Standard,1366,768,No,No,No,Intel,2.5,Core i5 7200U,1024,0,HDD,No,Intel,HD Graphics 520,Mid-Range,239.38532110091745,50.0,Powerful and Reliable,571.86
lenovo,IdeaPad Y700-15ISK,Gaming,15.6,16,windows 10,2.6,1029.0,Full HD,1920,1080,Yes,Yes,No,Intel,2.6,Core i7 6700HQ,128,1024,SSD,HDD,Nvidia,GeForce GTX 960M,Premium,395.7692307692308,60.0,Think Different,1089.0
msi,GL62M 7RDX,Gaming,15.6,8,windows 10,2.2,1149.0,Full HD,1920,1080,No,No,No,Intel,2.8,Core i7 7700HQ,128,1024,SSD,HDD,Nvidia,GeForce GTX 1050,Premium,522.2727272727273,,,1149.0
lenovo,ThinkPad Yoga,Netbook,12.5,16,windows 10,1.3,1650.0,Full HD,1920,1080,Yes,Yes,No,Intel,2.5,Core i7 6500U,512,0,SSD,No,Intel,HD Graphics 520,Ultra-Premium,1269.2307692307693,60.0,Think Different,1710.0
razer,Blade Pro,Gaming,14.0,16,windows 10,1.95,3499.0,Full HD,1920,1080,No,No,No,Intel,2.8,Core i7 7700HQ,1024,0,SSD,No,Nvidia,GeForce GTX 1060,Ultra-Premium,1794.3589743589744,,,3499.0
dell,Inspiron 3567,Notebook,15.6,8,windows 10,2.3,469.01,Standard,1366,768,Yes,No,No,Intel,2.4,Core i3 7100U,1024,0,HDD,No,Intel,HD Graphics 620,Budget,203.91739130434783,50.0,Powerful and Reliable,519.01
msi,GE72VR Apache,Gaming,17.3,16,windows 10,2.7,1598.0,Full HD,1920,1080,No,No,No,Intel,2.8,Core i7 7700HQ,256,1024,SSD,HDD,Nvidia,GeForce GTX 1060,Ultra-Premium,591.8518518518518,,,1598.0
apple,MacBook Air,Ultrabook,11.6,4,mac os x,1.08,959.0,Standard,1366,768,No,No,No,Intel,1.6,Core i5,256,0,Flash Storage,No,Intel,HD Graphics 6000,Mid-Range,887.9629629629629,,,959.0
hp,15-bs023nv (i3-6006U/4GB/1TB/FHD/W10),Notebook,15.6,4,windows 10,2.1,478.0,Full HD,1920,1080,No,No,No,Intel,2.0,Core i3 6006U,1024,0,HDD,No,Intel,HD Graphics 520,Budget,227.6190476190476,150.0,Innovation at its Best,628.0
hp,EliteBook 840,Ultrabook,14.0,8,windows 7,1.54,2198.19,Standard,2560,1440,No,No,No,Intel,2.5,Core i7 6500U,256,0,SSD,No,Intel,HD Graphics 520,Ultra-Premium,1427.3961038961038,150.0,Innovation at its Best,2348.19
dell,Vostro 3559,Notebook,15.6,4,windows 7,2.24,737.0,Standard,1366,768,No,No,No,Intel,2.3,Core i5 6200U,500,0,HDD,No,Intel,HD Graphics 520,Mid-Range,329.0178571428571,50.0,Powerful and Reliable,787.0
msi,GL62 6QF,Gaming,15.6,8,windows 10,2.3,1169.0,Full HD,1920,1080,No,No,No,Intel,2.6,Core i7 6700HQ,128,1024,SSD,HDD,Nvidia,GeForce GTX 960M,Premium,508.26086956521743,,,1169.0
lenovo,ThinkPad 13,Notebook,13.3,16,windows 10,1.4,1499.0,Full HD,1920,1080,No,Yes,No,Intel,2.7,Core i7 7500U,512,0,SSD,No,Intel,HD Graphics 620,Premium,1070.7142857142858,60.0,Think Different,1559.0
lenovo,IdeaPad 320-15ABR,Notebook,15.6,6,windows 10,2.2,597.57,Full HD,1920,1080,No,No,No,AMD,3.6,A12-Series 9720P,256,0,SSD,No,AMD,Radeon 530,Mid-Range,271.6227272727273,60.0,Think Different,657.57
asus,ZenBook UX310UA-WB71,Ultrabook,13.3,8,windows 10,1.45,1280.0,Full HD,1920,1080,No,No,No,Intel,2.5,Core i7 6500U,256,0,SSD,No,Intel,HD Graphics 520,Premium,882.7586206896552,45.0,Inspiring Innovation,1325.0
acer,Aspire ES1-572,Notebook,15.6,4,linux,2.4,361.8,Standard,1366,768,No,No,No,Intel,2.0,Core i3 6006U,500,0,HDD,No,Intel,HD Graphics 520,Budget,150.75,55.0,Explore Beyond Limits,416.8
dell,Inspiron 7779,2 in 1 Convertible,17.3,16,windows 10,2.77,1799.0,Full HD,1920,1080,Yes,No,No,Intel,2.7,Core i7 7500U,512,0,SSD,No,Nvidia,GeForce 940MX,Ultra-Premium,649.4584837545126,50.0,Powerful and Reliable,1849.0
hp,EliteBook 840,Notebook,14.0,4,windows 7,1.54,1099.99,Full HD,1920,1080,No,No,No,Intel,2.3,Core i5 6200U,256,0,SSD,No,Intel,HD Graphics 520,Premium,714.2792207792207,150.0,Innovation at its Best,1249.99
asus,Rog GL553VE-FY052T,Gaming,15.6,16,windows 10,2.5,1600.0,Full HD,1920,1080,No,Yes,No,Intel,2.8,Core i7 7700HQ,256,1024,SSD,HDD,Nvidia,GeForce GTX 1050 Ti,Ultra-Premium,640.0,45.0,Inspiring Innovation,1645.0
dell,Latitude 5480,Notebook,14.0,4,windows 10,1.6,875.0,Standard,1366,768,No,No,No,Intel,2.5,Core i5 7200U,500,0,HDD,No,Intel,HD Graphics 620,Mid-Range,546.875,50.0,Powerful and Reliable,925.0
asus,Rog GL502VS,Gaming,15.6,16,windows 10,2.34,2325.0,Full HD,1920,1080,No,Yes,No,Intel,2.6,Core i7 6700HQ,256,1024,SSD,HDD,Nvidia,GeForce GTX 1070,Ultra-Premium,993.5897435897436,45.0,Inspiring Innovation,2370.0
lenovo,V510-15IKB (i5-7200U/8GB/256GB/FHD/No,Notebook,15.6,8,no os,2.3,573.0,Full HD,1920,1080,No,Yes,No,Intel,2.5,Core i5 7200U,256,0,SSD,No,Intel,HD Graphics 620,Mid-Range,249.13043478260872,60.0,Think Different,633.0
dell,XPS 13,2 in 1 Convertible,13.3,8,windows 10,1.24,1813.0,Quad HD+,3200,1800,Yes,No,No,Intel,1.2,Core i5 7Y54,256,0,SSD,No,Intel,HD Graphics 615,Ultra-Premium,1462.0967741935483,50.0,Powerful and Reliable,1863.0
dell,Inspiron 3552,Notebook,15.6,4,linux,2.2,324.0,Standard,1366,768,No,No,No,Intel,1.6,Pentium Quad Core N3710,500,0,HDD,No,Intel,HD Graphics,Budget,147.27272727272725,50.0,Powerful and Reliable,374.0
hp,255 G6,Notebook,15.6,4,windows 10,1.86,399.0,Standard,1366,768,No,No,No,AMD,2.5,A6-Series 9220,500,0,HDD,No,AMD,Radeon R4 Graphics,Budget,214.51612903225805,150.0,Innovation at its Best,549.0
lenovo,IdeaPad 310-15ISK,Notebook,15.6,6,windows 10,2.4,569.0,Full HD,1920,1080,No,No,No,Intel,2.3,Core i3 6100U,128,0,SSD,No,Nvidia,GeForce 920MX,Mid-Range,237.08333333333331,60.0,Think Different,629.0
lenovo,ThinkPad L460,Notebook,14.0,8,windows 10,1.9,1072.0,Full HD,1920,1080,No,Yes,No,Intel,2.3,Core i5 6200U,256,0,SSD,No,Intel,HD Graphics 520,Premium,564.2105263157895,60.0,Think Different,1132.0
dell,Inspiron 3552,Notebook,15.6,4,windows 10,2.2,443.99,Standard,1366,768,No,No,No,Intel,1.6,Pentium Quad Core N3700,500,0,HDD,No,Intel,HD Graphics,Budget,201.8136363636364,50.0,Powerful and Reliable,493.99
asus,X541NA-GO020T (N3350/4GB/1TB/W10),Notebook,15.6,4,windows 10,2.0,339.0,Standard,1366,768,No,No,No,Intel,1.1,Celeron Dual Core N3350,1024,0,HDD,No,Intel,HD Graphics 500,Budget,169.5,45.0,Inspiring Innovation,384.0
asus,Rog G752VT-GC073T,Gaming,17.3,16,windows 10,4.0,1900.0,Full HD,1920,1080,No,Yes,No,Intel,2.6,Core i7 6700HQ,128,1024,SSD,HDD,Nvidia,GeForce GTX 970M,Ultra-Premium,475.0,45.0,Inspiring Innovation,1945.0
dell,Vostro 3568,Notebook,15.6,4,windows 10,2.29,490.0,Standard,1366,768,No,No,No,Intel,2.0,Core i3 6006U,500,0,HDD,No,Intel,HD Graphics 520,Budget,213.97379912663757,50.0,Powerful and Reliable,540.0
lenovo,B51-80 (i7-6500U/8GB/1008GB/Radeon,Notebook,15.6,8,windows 7,2.32,895.0,Full HD,1920,1080,No,No,No,Intel,2.5,Core i7 6500U,1024,0,Hybrid,No,AMD,Radeon R5 M330,Mid-Range,385.7758620689655,60.0,Think Different,955.0
msi,GE62 Apache,Gaming,15.6,8,windows 10,2.4,1229.0,Full HD,1920,1080,No,No,No,Intel,2.6,Core i7 6700HQ,128,1024,SSD,HDD,Nvidia,GeForce GTX 960M,Premium,512.0833333333334,,,1229.0
lenovo,Yoga 500-14IBD,2 in 1 Convertible,14.0,4,windows 10,1.8,833.01,Full HD,1920,1080,Yes,No,No,Intel,2.3,Core i5 6200U,128,0,SSD,No,Intel,HD Graphics 520,Mid-Range,462.7833333333333,60.0,Think Different,893.01
asus,ZenBook UX305CA-UBM1,Ultrabook,13.3,8,windows 10,1.2,729.0,Full HD,1920,1080,No,Yes,No,Intel,0.9,Core M 6Y30,512,0,SSD,No,Intel,HD Graphics 515,Mid-Range,607.5,45.0,Inspiring Innovation,774.0
dell,Inspiron 3567,Notebook,15.6,6,windows 10,2.3,459.0,Standard,1366,768,No,No,No,Intel,2.4,Core i3 7100U,1024,0,HDD,No,Intel,HD Graphics 620,Budget,199.5652173913044,50.0,Powerful and Reliable,509.0
acer,Aspire ES1-531,Notebook,15.6,4,linux,2.4,289.0,Standard,1366,768,No,No,No,Intel,1.6,Celeron Dual Core N3060,500,0,HDD,No,Intel,HD Graphics 400,Budget,120.41666666666669,55.0,Explore Beyond Limits,344.0
dell,Inspiron 3552,Notebook,15.6,2,windows 10,2.2,379.0,Standard,1366,768,No,No,No,Intel,1.6,Celeron Dual Core N3050,500,0,HDD,No,Intel,HD Graphics,Budget,172.27272727272725,50.0,Powerful and Reliable,429.0
lenovo,IdeaPad Y700-15ISK,Notebook,15.6,8,windows 10,2.6,899.0,Full HD,1920,1080,No,Yes,No,Intel,2.6,Core i7 6700HQ,1024,0,HDD,No,Nvidia,GeForce GTX 960M,Mid-Range,345.7692307692308,60.0,Think Different,959.0
hp,Pavilion 15-AW003nv,Notebook,15.6,6,windows 10,2.04,549.99,Full HD,1920,1080,No,No,No,AMD,2.9,A9-Series 9410,1024,0,Hybrid,No,AMD,Radeon R7 M440,Mid-Range,269.6029411764706,150.0,Innovation at its Best,699.99
dell,Inspiron 3567,Notebook,15.6,8,linux,2.3,805.99,Standard,1366,768,No,No,No,Intel,2.7,Core i7 7500U,1024,0,HDD,No,AMD,Radeon R5 M430,Mid-Range,350.4304347826087,50.0,Powerful and Reliable,855.99
hp,Stream 11-Y000na,Netbook,11.6,2,windows 10,1.17,209.0,Standard,1366,768,No,No,No,Intel,1.6,Celeron Dual Core N3060,32,0,Flash Storage,No,Intel,HD Graphics 400,Budget,178.63247863247864,150.0,Innovation at its Best,359.0
asus,X556UJ-XO044T (i7-6500U/4GB/500GB/GeForce,Notebook,15.6,4,windows 10,2.2,720.32,Standard,1366,768,No,No,No,Intel,2.5,Core i7 6500U,500,0,HDD,No,Nvidia,GeForce 920M,Mid-Range,327.41818181818184,45.0,Inspiring Innovation,765.32
lenovo,Yoga 500-14ISK,2 in 1 Convertible,14.0,4,windows 10,1.8,638.0,Full HD,1920,1080,Yes,Yes,No,Intel,2.5,Core i7 6500U,128,0,SSD,No,Intel,HD Graphics 520,Mid-Range,354.44444444444446,60.0,Think Different,698.0
lenovo,Yoga 900-13ISK,2 in 1 Convertible,13.3,16,windows 10,1.3,1499.0,Quad HD+,3200,1800,Yes,Yes,No,Intel,2.5,Core i7 6500U,512,0,SSD,No,Intel,HD Graphics 520,Premium,1153.076923076923,60.0,Think Different,1559.0
lenovo,IdeaPad 100S-14IBR,Notebook,14.0,2,windows 10,1.5,229.0,Standard,1366,768,No,No,No,Intel,1.6,Celeron Dual Core N3050,64,0,Flash Storage,No,Intel,HD Graphics,Budget,152.66666666666666,60.0,Think Different,289.0
hp,15-AC110nv (i7-6500U/6GB/1TB/Radeon,Notebook,15.6,6,windows 10,2.19,764.0,Standard,1366,768,No,No,No,Intel,2.5,Core i7 6500U,1024,0,HDD,No,AMD,Radeon R5 M330,Mid-Range,348.8584474885845,150.0,Innovation at its Best,914.0
asus,X553SA-XX031T (N3050/4GB/500GB/W10),Notebook,15.6,4,windows 10,2.2,369.0,Standard,1366,768,No,No,No,Intel,1.6,Celeron Dual Core N3050,500,0,HDD,No,Intel,HD Graphics,Budget,167.72727272727272,45.0,Inspiring Innovation,414.0
